timestamp_mon_ppg_ir_smooth;mon_ppg_ir_smooth;timestamp_mon_ppg_red_smooth;mon_ppg_red_smooth
1787030804942;196828.84375;1787030804942;167706.28125
1787030804951;196828.84375;1787030804951;167706.28125
1787030804961;196828.84375;1787030804961;167706.28125
1787030804971;196828.84375;1787030804971;167706.28125
1787030804981;196916.015625;1787030804981;167796.15625
1787030804991;196916.015625;1787030804991;167796.15625
1787030805001;196926.515625;1787030805001;167784.953125
1787030805011;196926.515625;1787030805011;167784.953125
1787030805021;196926.515625;1787030805021;167784.953125
1787030805031;196926.515625;1787030805031;167784.953125
1787030805041;196926.515625;1787030805041;167784.953125
1787030805051;196926.515625;1787030805051;167784.953125
1787030805061;197223.546875;1787030805061;167891.109375
1787030805071;197223.546875;1787030805071;167891.109375
1787030805081;197223.546875;1787030805081;167891.109375
1787030805091;197223.546875;1787030805091;167891.109375
1787030805101;197223.546875;1787030805101;167891.109375
1787030805111;197223.546875;1787030805111;167891.109375
1787030805121;197250.578125;1787030805121;167895.046875
1787030805131;197106.984375;1787030805131;167815.125
1787030805141;197043.53125;1787030805141;167771.84375
1787030805151;197043.53125;1787030805151;167771.84375
1787030805161;197043.53125;1787030805161;167771.84375
1787030805171;197043.53125;1787030805171;167771.84375
1787030805181;197043.53125;1787030805181;167771.84375
1787030805191;197043.53125;1787030805191;167771.84375
1787030805201;197616.1875;1787030805201;168044.515625
1787030805211;197616.1875;1787030805211;168044.515625
1787030805221;197688.65625;1787030805221;168083.921875
1787030805231;197688.65625;1787030805231;168083.921875
1787030805241;197688.65625;1787030805241;168083.921875
1787030805251;197688.65625;1787030805251;168083.921875
1787030805261;197688.65625;1787030805261;168083.921875
1787030805271;197688.65625;1787030805271;168083.921875
1787030805281;197574.359375;1787030805281;168068.484375
1787030805291;197591.078125;1787030805291;168074.640625
1787030805301;197591.078125;1787030805301;168074.640625
1787030805311;197591.078125;1787030805311;168074.640625
1787030805321;197591.078125;1787030805321;168074.640625
1787030805331;197591.078125;1787030805331;168074.640625
1787030805341;197591.078125;1787030805341;168074.640625
1787030805351;197624.90625;1787030805351;168084
1787030805361;197807.1875;1787030805361;168141.484375
1787030805371;197807.1875;1787030805371;168141.484375
1787030805381;197807.1875;1787030805381;168141.484375
1787030805391;197807.1875;1787030805391;168141.484375
1787030805401;197807.1875;1787030805401;168141.484375
1787030805411;197807.1875;1787030805411;168141.484375
1787030805421;197860.03125;1787030805421;168186.296875
1787030805431;197624.296875;1787030805431;168088.859375
1787030805441;197262.0625;1787030805441;167943.53125
1787030805451;197262.0625;1787030805451;167943.53125
1787030805461;197262.0625;1787030805461;167943.53125
1787030805471;197262.0625;1787030805471;167943.53125
1787030805481;197262.0625;1787030805481;167943.53125
1787030805491;197262.0625;1787030805491;167943.53125
1787030805501;194678.46875;1787030805501;166968.1875
1787030805511;194678.46875;1787030805511;166968.1875
1787030805521;194517.296875;1787030805521;166903.609375
1787030805531;194517.296875;1787030805531;166903.609375
1787030805541;194517.296875;1787030805541;166903.609375
1787030805551;194517.296875;1787030805551;166903.609375
1787030805561;194517.296875;1787030805561;166903.609375
1787030805571;194517.296875;1787030805571;166903.609375
1787030805581;195030.59375;1787030805581;167093.40625
1787030805591;195121.640625;1787030805591;167130.8125
1787030805601;195204.765625;1787030805601;167164.734375
1787030805611;195204.765625;1787030805611;167164.734375
1787030805621;195204.765625;1787030805621;167164.734375
1787030805631;195204.765625;1787030805631;167164.734375
1787030805641;195204.765625;1787030805641;167164.734375
1787030805651;195204.765625;1787030805651;167164.734375
1787030805661;195741.828125;1787030805661;167360.4375
1787030805671;195741.828125;1787030805671;167360.4375
1787030805681;195741.828125;1787030805681;167360.4375
1787030805691;195741.828125;1787030805691;167360.4375
1787030805701;195741.828125;1787030805701;167360.4375
1787030805711;195741.828125;1787030805711;167360.4375
1787030805721;196060.046875;1787030805721;167468.546875
1787030805731;196016.765625;1787030805731;167447.34375
1787030805741;195977.703125;1787030805741;167430.875
1787030805751;195977.703125;1787030805751;167430.875
1787030805761;195977.703125;1787030805761;167430.875
1787030805771;195977.703125;1787030805771;167430.875
1787030805781;195977.703125;1787030805781;167430.875
1787030805791;195977.703125;1787030805791;167430.875
1787030805801;195875.328125;1787030805801;167380.9375
1787030805811;195896.421875;1787030805811;167386.796875
1787030805821;195927.359375;1787030805821;167397.984375
1787030805831;195927.359375;1787030805831;167397.984375
1787030805841;195927.359375;1787030805841;167397.984375
1787030805851;195927.359375;1787030805851;167397.984375
1787030805861;195927.359375;1787030805861;167397.984375
1787030805871;195927.359375;1787030805871;167397.984375
1787030805881;196352.75;1787030805881;167561.171875
1787030805891;196517.25;1787030805891;167610.9375
1787030805901;196517.25;1787030805901;167610.9375
1787030805911;196517.25;1787030805911;167610.9375
1787030805921;196517.25;1787030805921;167610.9375
1787030805931;196517.25;1787030805931;167610.9375
1787030805941;196517.25;1787030805941;167610.9375
1787030805951;196575.390625;1787030805951;167625.28125
1787030805961;196516.8125;1787030805961;167603.65625
1787030805971;196551.59375;1787030805971;167613.28125
1787030805981;196551.59375;1787030805981;167613.28125
1787030805991;196551.59375;1787030805991;167613.28125
1787030806001;196551.59375;1787030806001;167613.28125
1787030806011;196551.59375;1787030806011;167613.28125
1787030806021;196551.59375;1787030806021;167613.28125
1787030806031;196893.125;1787030806031;167709.90625
1787030806041;196917.15625;1787030806041;167715.65625
1787030806051;196917.15625;1787030806051;167715.65625
1787030806061;196917.15625;1787030806061;167715.65625
1787030806071;196917.15625;1787030806071;167715.65625
1787030806081;196917.15625;1787030806081;167715.65625
1787030806091;196917.15625;1787030806091;167715.65625
1787030806101;197213.578125;1787030806101;167825.765625
1787030806111;197245.296875;1787030806111;167836.28125
1787030806121;197245.296875;1787030806121;167836.28125
1787030806131;197245.296875;1787030806131;167836.28125
1787030806141;197245.296875;1787030806141;167836.28125
1787030806151;197245.296875;1787030806151;167836.28125
1787030806161;197245.296875;1787030806161;167836.28125
1787030806171;196839.984375;1787030806171;167672.015625
1787030806181;195631.203125;1787030806181;167202.171875
1787030806191;194807.8125;1787030806191;166888.203125
1787030806201;194807.8125;1787030806201;166888.203125
1787030806211;194807.8125;1787030806211;166888.203125
1787030806221;194807.8125;1787030806221;166888.203125
1787030806231;194807.8125;1787030806231;166888.203125
1787030806241;194807.8125;1787030806241;166888.203125
1787030806251;194119.90625;1787030806251;166627.484375
1787030806261;194153.296875;1787030806261;166638.359375
1787030806271;194269.5;1787030806271;166681.46875
1787030806281;194269.5;1787030806281;166681.46875
1787030806291;194269.5;1787030806291;166681.46875
1787030806301;194269.5;1787030806301;166681.46875
1787030806311;194269.5;1787030806311;166681.46875
1787030806321;194269.5;1787030806321;166681.46875
1787030806331;194666.609375;1787030806331;166846.28125
1787030806341;194666.609375;1787030806341;166846.28125
1787030806351;194804.65625;1787030806351;166893.828125
1787030806361;194804.65625;1787030806361;166893.828125
1787030806371;194804.65625;1787030806371;166893.828125
1787030806381;194804.65625;1787030806381;166893.828125
1787030806391;194804.65625;1787030806391;166893.828125
1787030806401;194804.65625;1787030806401;166893.828125
1787030806411;195153.25;1787030806411;167011.96875
1787030806421;195153.25;1787030806421;167011.96875
1787030806431;195153.25;1787030806431;167011.96875
1787030806441;195153.25;1787030806441;167011.96875
1787030806451;195153.25;1787030806451;167011.96875
1787030806461;195153.25;1787030806461;167011.96875
1787030806471;195148.78125;1787030806471;166989.84375
1787030806481;195105.984375;1787030806481;166964.6875
1787030806491;195080.453125;1787030806491;166952.359375
1787030806501;195080.453125;1787030806501;166952.359375
1787030806511;195080.453125;1787030806511;166952.359375
1787030806521;195080.453125;1787030806521;166952.359375
1787030806531;195080.453125;1787030806531;166952.359375
1787030806541;195080.453125;1787030806541;166952.359375
1787030806551;195248.578125;1787030806551;167010.25
1787030806561;195248.578125;1787030806561;167010.25
1787030806571;195310.515625;1787030806571;167032.515625
1787030806581;195310.515625;1787030806581;167032.515625
1787030806591;195310.515625;1787030806591;167032.515625
1787030806601;195310.515625;1787030806601;167032.515625
1787030806611;195310.515625;1787030806611;167032.515625
1787030806621;195310.515625;1787030806621;167032.515625
1787030806631;195792.984375;1787030806631;167206.609375
1787030806641;195970.96875;1787030806641;167267.359375
1787030806651;195970.96875;1787030806651;167267.359375
1787030806661;195970.96875;1787030806661;167267.359375
1787030806671;195970.96875;1787030806671;167267.359375
1787030806681;195970.96875;1787030806681;167267.359375
1787030806691;195970.96875;1787030806691;167267.359375
1787030806701;196054.625;1787030806701;167297.671875
1787030806711;196385.625;1787030806711;167428.5
1787030806721;196501.390625;1787030806721;167463.015625
1787030806731;196501.390625;1787030806731;167463.015625
1787030806741;196501.390625;1787030806741;167463.015625
1787030806751;196501.390625;1787030806751;167463.015625
1787030806761;196501.390625;1787030806761;167463.015625
1787030806771;196501.390625;1787030806771;167463.015625
1787030806781;196670.5;1787030806781;167505.375
1787030806791;196803.65625;1787030806791;167546.359375
1787030806801;196803.65625;1787030806801;167546.359375
1787030806811;196803.65625;1787030806811;167546.359375
1787030806821;196803.65625;1787030806821;167546.359375
1787030806831;196803.65625;1787030806831;167546.359375
1787030806841;196803.65625;1787030806841;167546.359375
1787030806851;196961.046875;1787030806851;167568.25
1787030806861;196988.078125;1787030806861;167571
1787030806871;197017.5625;1787030806871;167577.375
1787030806881;197017.5625;1787030806881;167577.375
1787030806891;197017.5625;1787030806891;167577.375
1787030806901;197017.5625;1787030806901;167577.375
1787030806911;197017.5625;1787030806911;167577.375
1787030806921;197017.5625;1787030806921;167577.375
1787030806931;197219.875;1787030806931;167662
1787030806941;197294.140625;1787030806941;167686.984375
1787030806951;197294.140625;1787030806951;167686.984375
1787030806961;197294.140625;1787030806961;167686.984375
1787030806971;197294.140625;1787030806971;167686.984375
1787030806981;197294.140625;1787030806981;167686.984375
1787030806991;197294.140625;1787030806991;167686.984375
1787030807001;197375.546875;1787030807001;167714.40625
1787030807011;197551.125;1787030807011;167795.71875
1787030807021;197610.234375;1787030807021;167824.90625
1787030807031;197610.234375;1787030807031;167824.90625
1787030807041;197610.234375;1787030807041;167824.90625
1787030807051;197610.234375;1787030807051;167824.90625
1787030807061;197610.234375;1787030807061;167824.90625
1787030807071;197610.234375;1787030807071;167824.90625
1787030807081;197827.15625;1787030807081;167837.65625
1787030807091;197672.078125;1787030807091;167837.65625
1787030807101;197672.078125;1787030807101;167837.65625
1787030807111;197672.078125;1787030807111;167837.65625
1787030807121;197672.078125;1787030807121;167837.65625
1787030807131;197672.078125;1787030807131;167837.65625
1787030807141;197672.078125;1787030807141;167837.65625
1787030807151;194452.859375;1787030807151;166593.84375
1787030807161;194069.671875;1787030807161;166464.234375
1787030807171;194069.671875;1787030807171;166464.234375
1787030807181;194069.671875;1787030807181;166464.234375
1787030807191;194069.671875;1787030807191;166464.234375
1787030807201;194069.671875;1787030807201;166464.234375
1787030807211;194069.671875;1787030807211;166464.234375
1787030807221;194032.375;1787030807221;166460.296875
1787030807231;194217.078125;1787030807231;166532.078125
1787030807241;194259.53125;1787030807241;166545.921875
1787030807251;194259.53125;1787030807251;166545.921875
1787030807261;194259.53125;1787030807261;166545.921875
1787030807271;194259.53125;1787030807271;166545.921875
1787030807281;194259.53125;1787030807281;166545.921875
1787030807291;194259.53125;1787030807291;166545.921875
1787030807301;194421.34375;1787030807301;166587.1875
1787030807311;194455.75;1787030807311;166587.1875
1787030807321;194546.203125;1787030807321;166616.734375
1787030807331;194546.203125;1787030807331;166616.734375
1787030807341;194546.203125;1787030807341;166616.734375
1787030807351;194546.203125;1787030807351;166616.734375
1787030807361;194546.203125;1787030807361;166616.734375
1787030807371;194546.203125;1787030807371;166616.734375
1787030807381;194825.546875;1787030807381;166728.25
1787030807391;194825.546875;1787030807391;166728.25
1787030807401;194836.25;1787030807401;166727.078125
1787030807411;194836.25;1787030807411;166727.078125
1787030807421;194836.25;1787030807421;166727.078125
1787030807431;194836.25;1787030807431;166727.078125
1787030807441;194836.25;1787030807441;166727.078125
1787030807451;194836.25;1787030807451;166727.078125
1787030807461;194763.6875;1787030807461;166680.796875
1787030807471;194763.6875;1787030807471;166680.796875
1787030807481;194763.6875;1787030807481;166680.796875
1787030807491;194763.6875;1787030807491;166680.796875
1787030807501;194763.6875;1787030807501;166680.796875
1787030807511;194763.6875;1787030807511;166680.796875
1787030807521;194864.171875;1787030807521;166721.4375
1787030807531;194983.5;1787030807531;166772.015625
1787030807541;195117.65625;1787030807541;166829.515625
1787030807551;195117.65625;1787030807551;166829.515625
1787030807561;195117.65625;1787030807561;166829.515625
1787030807571;195117.65625;1787030807571;166829.515625
1787030807581;195117.65625;1787030807581;166829.515625
1787030807591;195117.65625;1787030807591;166829.515625
1787030807601;195464.4375;1787030807601;166948.59375
1787030807611;195464.4375;1787030807611;166948.59375
1787030807621;195574.921875;1787030807621;166981.546875
1787030807631;195574.921875;1787030807631;166981.546875
1787030807641;195574.921875;1787030807641;166981.546875
1787030807651;195574.921875;1787030807651;166981.546875
1787030807661;195574.921875;1787030807661;166981.546875
1787030807671;195574.921875;1787030807671;166981.546875
1787030807681;195837.171875;1787030807681;167069.609375
1787030807691;195873.203125;1787030807691;167080.03125
1787030807701;195873.203125;1787030807701;167080.03125
1787030807711;195873.203125;1787030807711;167080.03125
1787030807721;195873.203125;1787030807721;167080.03125
1787030807731;195873.203125;1787030807731;167080.03125
1787030807741;195873.203125;1787030807741;167080.03125
1787030807751;195909.359375;1787030807751;167090.96875
1787030807761;196106.484375;1787030807761;167163.84375
1787030807771;196202.5625;1787030807771;167197.46875
1787030807781;196202.5625;1787030807781;167197.46875
1787030807791;196202.5625;1787030807791;167197.46875
1787030807801;196202.5625;1787030807801;167197.46875
1787030807811;196202.5625;1787030807811;167197.46875
1787030807821;196202.5625;1787030807821;167197.46875
1787030807831;196345.9375;1787030807831;167240.8125
1787030807841;196462.265625;1787030807841;167267.484375
1787030807851;196462.265625;1787030807851;167267.484375
1787030807861;196462.265625;1787030807861;167267.484375
1787030807871;196462.265625;1787030807871;167267.484375
1787030807881;196462.265625;1787030807881;167267.484375
1787030807891;196462.265625;1787030807891;167267.484375
1787030807901;196702.65625;1787030807901;167347.015625
1787030807911;196733.421875;1787030807911;167359.15625
1787030807921;196758.84375;1787030807921;167367.34375
1787030807931;196758.84375;1787030807931;167367.34375
1787030807941;196758.84375;1787030807941;167367.34375
1787030807951;196758.84375;1787030807951;167367.34375
1787030807961;196758.84375;1787030807961;167367.34375
1787030807971;196758.84375;1787030807971;167367.34375
1787030807981;197019.5625;1787030807981;167395.546875
1787030807991;196937.125;1787030807991;167334.359375
1787030808001;196937.125;1787030808001;167334.359375
1787030808011;196937.125;1787030808011;167334.359375
1787030808021;196937.125;1787030808021;167334.359375
1787030808031;196937.125;1787030808031;167334.359375
1787030808041;196937.125;1787030808041;167334.359375
1787030808051;196428.015625;1787030808051;167122.84375
1787030808061;194528;1787030808061;166396.296875
1787030808071;193854.203125;1787030808071;166145.703125
1787030808081;193854.203125;1787030808081;166145.703125
1787030808091;193854.203125;1787030808091;166145.703125
1787030808101;193854.203125;1787030808101;166145.703125
1787030808111;193854.203125;1787030808111;166145.703125
1787030808121;193854.203125;1787030808121;166145.703125
1787030808131;193609.359375;1787030808131;166071.8125
1787030808141;193721.421875;1787030808141;166120.390625
1787030808151;193721.421875;1787030808151;166120.390625
1787030808161;193721.421875;1787030808161;166120.390625
1787030808171;193721.421875;1787030808171;166120.390625
1787030808181;193721.421875;1787030808181;166120.390625
1787030808191;193721.421875;1787030808191;166120.390625
1787030808201;194070.0625;1787030808201;166247.78125
1787030808211;194149.90625;1787030808211;166279.359375
1787030808221;194149.90625;1787030808221;166279.359375
1787030808231;194149.90625;1787030808231;166279.359375
1787030808241;194149.90625;1787030808241;166279.359375
1787030808251;194149.90625;1787030808251;166279.359375
1787030808261;194149.90625;1787030808261;166279.359375
1787030808271;194188.8125;1787030808271;166295.734375
1787030808281;194426;1787030808281;166392.75
1787030808291;194467.609375;1787030808291;166405.59375
1787030808301;194467.609375;1787030808301;166405.59375
1787030808311;194467.609375;1787030808311;166405.59375
1787030808321;194467.609375;1787030808321;166405.59375
1787030808331;194467.609375;1787030808331;166405.59375
1787030808341;194467.609375;1787030808341;166405.59375
1787030808351;194501.359375;1787030808351;166387.046875
1787030808361;194453.890625;1787030808361;166355.578125
1787030808371;194416.765625;1787030808371;166337.71875
1787030808381;194416.765625;1787030808381;166337.71875
1787030808391;194416.765625;1787030808391;166337.71875
1787030808401;194416.765625;1787030808401;166337.71875
1787030808411;194416.765625;1787030808411;166337.71875
1787030808421;194416.765625;1787030808421;166337.71875
1787030808431;194553.203125;1787030808431;166410.359375
1787030808441;194553.203125;1787030808441;166410.359375
1787030808451;194641.859375;1787030808451;166452.265625
1787030808461;194641.859375;1787030808461;166452.265625
1787030808471;194641.859375;1787030808471;166452.265625
1787030808481;194641.859375;1787030808481;166452.265625
1787030808491;194641.859375;1787030808491;166452.265625
1787030808501;194641.859375;1787030808501;166452.265625
1787030808511;195006.171875;1787030808511;166596.75
1787030808521;195006.171875;1787030808521;166596.75
1787030808531;195006.171875;1787030808531;166596.75
1787030808541;195006.171875;1787030808541;166596.75
1787030808551;195006.171875;1787030808551;166596.75
1787030808561;195006.171875;1787030808561;166596.75
1787030808571;195232.109375;1787030808571;166679.4375
1787030808581;195430.71875;1787030808581;166753.203125
1787030808591;195531.9375;1787030808591;166792.328125
1787030808601;195531.9375;1787030808601;166792.328125
1787030808611;195531.9375;1787030808611;166792.328125
1787030808621;195531.9375;1787030808621;166792.328125
1787030808631;195531.9375;1787030808631;166792.328125
1787030808641;195531.9375;1787030808641;166792.328125
1787030808651;195779.3125;1787030808651;166871.40625
1787030808661;195779.3125;1787030808661;166871.40625
1787030808671;195863.921875;1787030808671;166895.8125
1787030808681;195863.921875;1787030808681;166895.8125
1787030808691;195863.921875;1787030808691;166895.8125
1787030808701;195863.921875;1787030808701;166895.8125
1787030808711;195863.921875;1787030808711;166895.8125
1787030808721;195863.921875;1787030808721;166895.8125
1787030808731;196090.578125;1787030808731;166962.09375
1787030808741;196090.578125;1787030808741;166962.09375
1787030808751;196117.875;1787030808751;166970.359375
1787030808761;196117.875;1787030808761;166970.359375
1787030808771;196117.875;1787030808771;166970.359375
1787030808781;196117.875;1787030808781;166970.359375
1787030808791;196117.875;1787030808791;166970.359375
1787030808801;196117.875;1787030808801;166970.359375
1787030808811;196317.96875;1787030808811;167028.359375
1787030808821;196317.96875;1787030808821;167028.359375
1787030808831;196317.96875;1787030808831;167028.359375
1787030808841;196317.96875;1787030808841;167028.359375
1787030808851;196317.96875;1787030808851;167028.359375
1787030808861;196317.96875;1787030808861;167028.359375
1787030808871;196788.84375;1787030808871;167195.78125
1787030808881;196774.0625;1787030808881;167193.078125
1787030808891;196445.953125;1787030808891;167070.453125
1787030808901;196445.953125;1787030808901;167070.453125
1787030808911;196445.953125;1787030808911;167070.453125
1787030808921;196445.953125;1787030808921;167070.453125
1787030808931;196445.953125;1787030808931;167070.453125
1787030808941;196445.953125;1787030808941;167070.453125
1787030808951;194115.890625;1787030808951;166162.59375
1787030808961;194115.890625;1787030808961;166162.59375
1787030808971;193909.625;1787030808971;166083.859375
1787030808981;193909.625;1787030808981;166083.859375
1787030808991;193909.625;1787030808991;166083.859375
1787030809001;193909.625;1787030809001;166083.859375
1787030809011;193909.625;1787030809011;166083.859375
1787030809021;193909.625;1787030809021;166083.859375
1787030809031;193905.03125;1787030809031;166084.09375
1787030809041;194007.703125;1787030809041;166125.53125
1787030809051;194007.703125;1787030809051;166125.53125
1787030809061;194007.703125;1787030809061;166125.53125
1787030809071;194007.703125;1787030809071;166125.53125
1787030809081;194007.703125;1787030809081;166125.53125
1787030809091;194007.703125;1787030809091;166125.53125
1787030809101;194059.9375;1787030809101;166147.25
1787030809111;194331.453125;1787030809111;166246.921875
1787030809121;194440.6875;1787030809121;166285.8125
1787030809131;194440.6875;1787030809131;166285.8125
1787030809141;194440.6875;1787030809141;166285.8125
1787030809151;194440.6875;1787030809151;166285.8125
1787030809161;194440.6875;1787030809161;166285.8125
1787030809171;194440.6875;1787030809171;166285.8125
1787030809181;194592.9375;1787030809181;166344.78125
1787030809191;194668.703125;1787030809191;166371.875
1787030809201;194668.703125;1787030809201;166371.875
1787030809211;194668.703125;1787030809211;166371.875
1787030809221;194668.703125;1787030809221;166371.875
1787030809231;194668.703125;1787030809231;166371.875
1787030809241;194668.703125;1787030809241;166371.875
1787030809251;194488.4375;1787030809251;166283.71875
1787030809261;194459.46875;1787030809261;166267.25
1787030809271;194443.40625;1787030809271;166257.375
1787030809281;194443.40625;1787030809281;166257.375
1787030809291;194443.40625;1787030809291;166257.375
1787030809301;194443.40625;1787030809301;166257.375
1787030809311;194443.40625;1787030809311;166257.375
1787030809321;194443.40625;1787030809321;166257.375
1787030809331;194585.34375;1787030809331;166331.1875
1787030809341;194663.1875;1787030809341;166356.171875
1787030809351;194663.1875;1787030809351;166356.171875
1787030809361;194663.1875;1787030809361;166356.171875
1787030809371;194663.1875;1787030809371;166356.171875
1787030809381;194663.1875;1787030809381;166356.171875
1787030809391;194663.1875;1787030809391;166356.171875
1787030809401;194730.078125;1787030809401;166367.453125
1787030809411;194855.96875;1787030809411;166390.9375
1787030809421;194888.59375;1787030809421;166401.140625
1787030809431;194888.59375;1787030809431;166401.140625
1787030809441;194888.59375;1787030809441;166401.140625
1787030809451;194888.59375;1787030809451;166401.140625
1787030809461;194888.59375;1787030809461;166401.140625
1787030809471;194888.59375;1787030809471;166401.140625
1787030809481;194959.28125;1787030809481;166444.40625
1787030809491;194959.28125;1787030809491;166444.40625
1787030809501;194959.28125;1787030809501;166444.40625
1787030809511;194959.28125;1787030809511;166444.40625
1787030809521;194959.28125;1787030809521;166444.40625
1787030809531;194959.28125;1787030809531;166444.40625
1787030809541;194959.28125;1787030809541;166444.40625
1787030809551;195188.453125;1787030809551;166503.40625
1787030809561;195206.71875;1787030809561;166506.15625
1787030809571;195218.828125;1787030809571;166507.828125
1787030809581;195218.828125;1787030809581;166507.828125
1787030809591;195218.828125;1787030809591;166507.828125
1787030809601;195218.828125;1787030809601;166507.828125
1787030809611;195218.828125;1787030809611;166507.828125
1787030809621;195218.828125;1787030809621;166507.828125
1787030809631;195395.234375;1787030809631;166576.453125
1787030809641;195455.609375;1787030809641;166600.09375
1787030809651;195455.609375;1787030809651;166600.09375
1787030809661;195455.609375;1787030809661;166600.09375
1787030809671;195455.609375;1787030809671;166600.09375
1787030809681;195455.609375;1787030809681;166600.09375
1787030809691;195455.609375;1787030809691;166600.09375
1787030809701;195538.171875;1787030809701;166628.859375
1787030809711;195134.046875;1787030809711;166450.109375
1787030809721;194635.96875;1787030809721;166250.234375
1787030809731;194635.96875;1787030809731;166250.234375
1787030809741;194635.96875;1787030809741;166250.234375
1787030809751;194635.96875;1787030809751;166250.234375
1787030809761;194635.96875;1787030809761;166250.234375
1787030809771;194635.96875;1787030809771;166250.234375
1787030809781;193762.90625;1787030809781;165930.171875
1787030809791;193733.015625;1787030809791;165920.390625
1787030809801;193733.015625;1787030809801;165920.390625
1787030809811;193733.015625;1787030809811;165920.390625
1787030809821;193733.015625;1787030809821;165920.390625
1787030809831;193733.015625;1787030809831;165920.390625
1787030809841;193733.015625;1787030809841;165920.390625
1787030809851;193847.78125;1787030809851;165922.109375
1787030809861;193843;1787030809861;165910.953125
1787030809871;193843;1787030809871;165910.953125
1787030809881;193843;1787030809881;165910.953125
1787030809891;193843;1787030809891;165910.953125
1787030809901;193843;1787030809901;165910.953125
1787030809911;193843;1787030809911;165910.953125
1787030809921;193848.3125;1787030809921;165897.203125
1787030809931;193997.75;1787030809931;165950.046875
1787030809941;194084.953125;1787030809941;165987.421875
1787030809951;194084.953125;1787030809951;165987.421875
1787030809961;194084.953125;1787030809961;165987.421875
1787030809971;194084.953125;1787030809971;165987.421875
1787030809981;194084.953125;1787030809981;165987.421875
1787030809991;194084.953125;1787030809991;165987.421875
1787030810001;194075.9375;1787030810001;165958.859375
1787030810011;194048.859375;1787030810011;165940.734375
1787030810021;194003.65625;1787030810021;165913.671875
1787030810031;194003.65625;1787030810031;165913.671875
1787030810041;194003.65625;1787030810041;165913.671875
1787030810051;194003.65625;1787030810051;165913.671875
1787030810061;194003.65625;1787030810061;165913.671875
1787030810071;194003.65625;1787030810071;165913.671875
1787030810081;194044.796875;1787030810081;165941.0625
1787030810091;194044.796875;1787030810091;165941.0625
1787030810101;194069.5;1787030810101;165952.71875
1787030810111;194069.5;1787030810111;165952.71875
1787030810121;194069.5;1787030810121;165952.71875
1787030810131;194069.5;1787030810131;165952.71875
1787030810141;194069.5;1787030810141;165952.71875
1787030810151;194069.5;1787030810151;165952.71875
1787030810161;194153.03125;1787030810161;166000.578125
1787030810171;194153.03125;1787030810171;166000.578125
1787030810181;194153.03125;1787030810181;166000.578125
1787030810191;194153.03125;1787030810191;166000.578125
1787030810201;194153.03125;1787030810201;166000.578125
1787030810211;194153.03125;1787030810211;166000.578125
1787030810221;194395.1875;1787030810221;166068.390625
1787030810231;194502.21875;1787030810231;166110.84375
1787030810241;194544.6875;1787030810241;166131.140625
1787030810251;194544.6875;1787030810251;166131.140625
1787030810261;194544.6875;1787030810261;166131.140625
1787030810271;194544.6875;1787030810271;166131.140625
1787030810281;194544.6875;1787030810281;166131.140625
1787030810291;194544.6875;1787030810291;166131.140625
1787030810301;194724.234375;1787030810301;166196.28125
1787030810311;194724.234375;1787030810311;166196.28125
1787030810321;194775.296875;1787030810321;166211.53125
1787030810331;194775.296875;1787030810331;166211.53125
1787030810341;194775.296875;1787030810341;166211.53125
1787030810351;194775.296875;1787030810351;166211.53125
1787030810361;194775.296875;1787030810361;166211.53125
1787030810371;194775.296875;1787030810371;166211.53125
1787030810381;194989.703125;1787030810381;166292.84375
1787030810391;195097.828125;1787030810391;166330.6875
1787030810401;195097.828125;1787030810401;166330.6875
1787030810411;195097.828125;1787030810411;166330.6875
1787030810421;195097.828125;1787030810421;166330.6875
1787030810431;195097.828125;1787030810431;166330.6875
1787030810441;195097.828125;1787030810441;166330.6875
1787030810451;195131.9375;1787030810451;166342.75
1787030810461;194723.1875;1787030810461;166175.375
1787030810471;194343.03125;1787030810471;166017.140625
1787030810481;194343.03125;1787030810481;166017.140625
1787030810491;194343.03125;1787030810491;166017.140625
1787030810501;194343.03125;1787030810501;166017.140625
1787030810511;194343.03125;1787030810511;166017.140625
1787030810521;194343.03125;1787030810521;166017.140625
1787030810531;193696.765625;1787030810531;165757.015625
1787030810541;193539.125;1787030810541;165698.546875
1787030810551;193539.125;1787030810551;165698.546875
1787030810561;193539.125;1787030810561;165698.546875
1787030810571;193539.125;1787030810571;165698.546875
1787030810581;193539.125;1787030810581;165698.546875
1787030810591;193539.125;1787030810591;165698.546875
1787030810601;193657.125;1787030810601;165720.265625
1787030810611;193701.578125;1787030810611;165733.984375
1787030810621;193738.765625;1787030810621;165747.34375
1787030810631;193738.765625;1787030810631;165747.34375
1787030810641;193738.765625;1787030810641;165747.34375
1787030810651;193738.765625;1787030810651;165747.34375
1787030810661;193738.765625;1787030810661;165747.34375
1787030810671;193738.765625;1787030810671;165747.34375
1787030810681;193900.140625;1787030810681;165817.09375
1787030810691;193940.828125;1787030810691;165831.046875
1787030810701;193940.828125;1787030810701;165831.046875
1787030810711;193940.828125;1787030810711;165831.046875
1787030810721;193940.828125;1787030810721;165831.046875
1787030810731;193940.828125;1787030810731;165831.046875
1787030810741;193940.828125;1787030810741;165831.046875
1787030810751;194070.796875;1787030810751;165873.125
1787030810761;194077.703125;1787030810761;165869.375
1787030810771;194061.8125;1787030810771;165858.5625
1787030810781;194061.8125;1787030810781;165858.5625
1787030810791;194061.8125;1787030810791;165858.5625
1787030810801;194061.8125;1787030810801;165858.5625
1787030810811;194061.8125;1787030810811;165858.5625
1787030810821;194061.8125;1787030810821;165858.5625
1787030810831;194059.1875;1787030810831;165882.015625
1787030810841;194059.1875;1787030810841;165882.015625
1787030810851;194059.1875;1787030810851;165882.015625
1787030810861;194059.1875;1787030810861;165882.015625
1787030810871;194059.1875;1787030810871;165882.015625
1787030810881;194059.1875;1787030810881;165882.015625
1787030810891;194059.1875;1787030810891;165882.015625
1787030810901;194096.75;1787030810901;165885.703125
1787030810911;194126.171875;1787030810911;165895.03125
1787030810921;194126.171875;1787030810921;165895.03125
1787030810931;194126.171875;1787030810931;165895.03125
1787030810941;194126.171875;1787030810941;165895.03125
1787030810951;194126.171875;1787030810951;165895.03125
1787030810961;194126.171875;1787030810961;165895.03125
1787030810971;194384.390625;1787030810971;165988.09375
1787030810981;194497.6875;1787030810981;166033.84375
1787030810991;194566.25;1787030810991;166062.234375
1787030811001;194566.25;1787030811001;166062.234375
1787030811011;194566.25;1787030811011;166062.234375
1787030811021;194566.25;1787030811021;166062.234375
1787030811031;194566.25;1787030811031;166062.234375
1787030811041;194566.25;1787030811041;166062.234375
1787030811051;194779.8125;1787030811051;166138.953125
1787030811061;194779.8125;1787030811061;166138.953125
1787030811071;194857.5625;1787030811071;166170.265625
1787030811081;194857.5625;1787030811081;166170.265625
1787030811091;194857.5625;1787030811091;166170.265625
1787030811101;194857.5625;1787030811101;166170.265625
1787030811111;194857.5625;1787030811111;166170.265625
1787030811121;194857.5625;1787030811121;166170.265625
1787030811131;195011.03125;1787030811131;166217.21875
1787030811141;195011.03125;1787030811141;166217.21875
1787030811151;195037.671875;1787030811151;166226.09375
1787030811161;195037.671875;1787030811161;166226.09375
1787030811171;195037.671875;1787030811171;166226.09375
1787030811181;195037.671875;1787030811181;166226.09375
1787030811191;195037.671875;1787030811191;166226.09375
1787030811201;195037.671875;1787030811201;166226.09375
1787030811211;195272.84375;1787030811211;166334.375
1787030811221;195272.84375;1787030811221;166334.375
1787030811231;195272.84375;1787030811231;166334.375
1787030811241;195272.84375;1787030811241;166334.375
1787030811251;195272.84375;1787030811251;166334.375
1787030811261;195272.84375;1787030811261;166334.375
1787030811271;195534.640625;1787030811271;166416.078125
1787030811281;195435.3125;1787030811281;166371.609375
1787030811291;195271.796875;1787030811291;166303.5
1787030811301;195271.796875;1787030811301;166303.5
1787030811311;195271.796875;1787030811311;166303.5
1787030811321;195271.796875;1787030811321;166303.5
1787030811331;195271.796875;1787030811331;166303.5
1787030811341;195271.796875;1787030811341;166303.5
1787030811351;194050.78125;1787030811351;165833.890625
1787030811361;193975.25;1787030811361;165804.734375
1787030811371;193941.40625;1787030811371;165790.609375
1787030811381;193941.40625;1787030811381;165790.609375
1787030811391;193941.40625;1787030811391;165790.609375
1787030811401;193941.40625;1787030811401;165790.609375
1787030811411;193941.40625;1787030811411;165790.609375
1787030811421;193941.40625;1787030811421;165790.609375
1787030811431;194090.484375;1787030811431;165854.203125
1787030811441;194160.84375;1787030811441;165881.328125
1787030811451;194160.84375;1787030811451;165881.328125
1787030811461;194160.84375;1787030811461;165881.328125
1787030811471;194160.84375;1787030811471;165881.328125
1787030811481;194160.84375;1787030811481;165881.328125
1787030811491;194160.84375;1787030811491;165881.328125
1787030811501;194234.796875;1787030811501;165898.5625
1787030811511;194298.4375;1787030811511;165918.921875
1787030811521;194362.265625;1787030811521;165950.078125
1787030811531;194362.265625;1787030811531;165950.078125
1787030811541;194362.265625;1787030811541;165950.078125
1787030811551;194362.265625;1787030811551;165950.078125
1787030811561;194362.265625;1787030811561;165950.078125
1787030811571;194362.265625;1787030811571;165950.078125
1787030811581;194483.953125;1787030811581;166005.65625
1787030811591;194497.6875;1787030811591;166003.78125
1787030811601;194497.6875;1787030811601;166003.78125
1787030811611;194497.6875;1787030811611;166003.78125
1787030811621;194497.6875;1787030811621;166003.78125
1787030811631;194497.6875;1787030811631;166003.78125
1787030811641;194497.6875;1787030811641;166003.78125
1787030811651;194453.25;1787030811651;165975.40625
1787030811661;194460.9375;1787030811661;165990.625
1787030811671;194476;1787030811671;165990.625
1787030811681;194476;1787030811681;165990.625
1787030811691;194476;1787030811691;165990.625
1787030811701;194476;1787030811701;165990.625
1787030811711;194476;1787030811711;165990.625
1787030811721;194476;1787030811721;165990.625
1787030811731;194638.234375;1787030811731;166055.859375
1787030811741;194666.90625;1787030811741;166065.3125
1787030811751;194666.90625;1787030811751;166065.3125
1787030811761;194666.90625;1787030811761;166065.3125
1787030811771;194666.90625;1787030811771;166065.3125
1787030811781;194666.90625;1787030811781;166065.3125
1787030811791;194666.90625;1787030811791;166065.3125
1787030811801;194793.234375;1787030811801;166119.421875
1787030811811;194864.09375;1787030811811;166148.8125
1787030811821;194930.65625;1787030811821;166171.671875
1787030811831;194930.65625;1787030811831;166171.671875
1787030811841;194930.65625;1787030811841;166171.671875
1787030811851;194930.65625;1787030811851;166171.671875
1787030811861;194930.65625;1787030811861;166171.671875
1787030811871;194930.65625;1787030811871;166171.671875
1787030811881;195073.4375;1787030811881;166218.6875
1787030811891;195073.4375;1787030811891;166218.6875
1787030811901;195073.4375;1787030811901;166218.6875
1787030811911;195073.4375;1787030811911;166218.6875
1787030811921;195073.4375;1787030811921;166218.6875
1787030811931;195073.4375;1787030811931;166218.6875
1787030811941;195073.4375;1787030811941;166218.6875
1787030811951;195194.34375;1787030811951;166253
1787030811961;195211.4375;1787030811961;166255.859375
1787030811971;195211.4375;1787030811971;166255.859375
1787030811981;195211.4375;1787030811981;166255.859375
1787030811991;195211.4375;1787030811991;166255.859375
1787030812001;195211.4375;1787030812001;166255.859375
1787030812011;195211.4375;1787030812011;166255.859375
1787030812021;195289.78125;1787030812021;166273.546875
1787030812031;195354.109375;1787030812031;166299.96875
1787030812041;195442.828125;1787030812041;166336.46875
1787030812051;195442.828125;1787030812051;166336.46875
1787030812061;195442.828125;1787030812061;166336.46875
1787030812071;195442.828125;1787030812071;166336.46875
1787030812081;195442.828125;1787030812081;166336.46875
1787030812091;195442.828125;1787030812091;166336.46875
1787030812101;195245.78125;1787030812101;166242.359375
1787030812111;195245.78125;1787030812111;166242.359375
1787030812121;194876.421875;1787030812121;166096.84375
1787030812131;194876.421875;1787030812131;166096.84375
1787030812141;194876.421875;1787030812141;166096.84375
1787030812151;194876.421875;1787030812151;166096.84375
1787030812161;194876.421875;1787030812161;166096.84375
1787030812171;194876.421875;1787030812171;166096.84375
1787030812181;194131.296875;1787030812181;165836.046875
1787030812191;194131.296875;1787030812191;165836.046875
1787030812201;194128.578125;1787030812201;165838.90625
1787030812211;194128.578125;1787030812211;165838.90625
1787030812221;194128.578125;1787030812221;165838.90625
1787030812231;194128.578125;1787030812231;165838.90625
1787030812241;194128.578125;1787030812241;165838.90625
1787030812251;194128.578125;1787030812251;165838.90625
1787030812261;194329.828125;1787030812261;165918.296875
1787030812271;194329.828125;1787030812271;165918.296875
1787030812281;194329.828125;1787030812281;165918.296875
1787030812291;194329.828125;1787030812291;165918.296875
1787030812301;194329.828125;1787030812301;165918.296875
1787030812311;194329.828125;1787030812311;165918.296875
1787030812321;194518.96875;1787030812321;165985.125
1787030812331;194593.140625;1787030812331;166012.484375
1787030812341;194670.609375;1787030812341;166041.65625
1787030812351;194670.609375;1787030812351;166041.65625
1787030812361;194670.609375;1787030812361;166041.65625
1787030812371;194670.609375;1787030812371;166041.65625
1787030812381;194670.609375;1787030812381;166041.65625
1787030812391;194670.609375;1787030812391;166041.65625
1787030812401;194703.765625;1787030812401;166044.46875
1787030812411;194664.3125;1787030812411;166012.484375
1787030812421;194635.21875;1787030812421;166012.484375
1787030812431;194635.21875;1787030812431;166012.484375
1787030812441;194635.21875;1787030812441;166012.484375
1787030812451;194635.21875;1787030812451;166012.484375
1787030812461;194635.21875;1787030812461;166012.484375
1787030812471;194635.21875;1787030812471;166012.484375
1787030812481;194603.3125;1787030812481;166003.078125
1787030812491;194619.15625;1787030812491;166009.0625
1787030812501;194619.15625;1787030812501;166009.0625
1787030812511;194619.15625;1787030812511;166009.0625
1787030812521;194619.15625;1787030812521;166009.0625
1787030812531;194619.15625;1787030812531;166009.0625
1787030812541;194619.15625;1787030812541;166009.0625
1787030812551;194692.5;1787030812551;166035.578125
1787030812561;194790.5625;1787030812561;166077.765625
1787030812571;194855.21875;1787030812571;166105.890625
1787030812581;194855.21875;1787030812581;166105.890625
1787030812591;194855.21875;1787030812591;166105.890625
1787030812601;194855.21875;1787030812601;166105.890625
1787030812611;194855.21875;1787030812611;166105.890625
1787030812621;194855.21875;1787030812621;166105.890625
1787030812631;195012.640625;1787030812631;166159.09375
1787030812641;195039.59375;1787030812641;166168
1787030812651;195039.59375;1787030812651;166168
1787030812661;195039.59375;1787030812661;166168
1787030812671;195039.59375;1787030812671;166168
1787030812681;195039.59375;1787030812681;166168
1787030812691;195039.59375;1787030812691;166168
1787030812701;195162.265625;1787030812701;166231.734375
1787030812711;195192.5;1787030812711;166245.5625
1787030812721;195192.5;1787030812721;166245.5625
1787030812731;195192.5;1787030812731;166245.5625
1787030812741;195192.5;1787030812741;166245.5625
1787030812751;195192.5;1787030812751;166245.5625
1787030812761;195192.5;1787030812761;166245.5625
1787030812771;195217.109375;1787030812771;166248.3125
1787030812781;195292.6875;1787030812781;166261.40625
1787030812791;195317.71875;1787030812791;166270.375
1787030812801;195317.71875;1787030812801;166270.375
1787030812811;195317.71875;1787030812811;166270.375
1787030812821;195317.71875;1787030812821;166270.375
1787030812831;195317.71875;1787030812831;166270.375
1787030812841;195317.71875;1787030812841;166270.375
1787030812851;195337.984375;1787030812851;166281.046875
1787030812861;195329.46875;1787030812861;166276.625
1787030812871;195311.0625;1787030812871;166264.015625
1787030812881;195311.0625;1787030812881;166264.015625
1787030812891;195311.0625;1787030812891;166264.015625
1787030812901;195311.0625;1787030812901;166264.015625
1787030812911;195311.0625;1787030812911;166264.015625
1787030812921;195311.0625;1787030812921;166264.015625
1787030812931;194876.796875;1787030812931;166115.484375
1787030812941;194876.796875;1787030812941;166115.484375
1787030812951;194696.46875;1787030812951;166072.875
1787030812961;194696.46875;1787030812961;166072.875
1787030812971;194696.46875;1787030812971;166072.875
1787030812981;194696.46875;1787030812981;166072.875
1787030812991;194696.46875;1787030812991;166072.875
1787030813001;194696.46875;1787030813001;166072.875
1787030813011;194559.65625;1787030813011;166026.03125
1787030813021;194559.65625;1787030813021;166026.03125
1787030813031;194559.65625;1787030813031;166026.03125
1787030813041;194559.65625;1787030813041;166026.03125
1787030813051;194559.65625;1787030813051;166026.03125
1787030813061;194559.65625;1787030813061;166026.03125
1787030813071;194476.609375;1787030813071;165915.84375
1787030813081;194414.703125;1787030813081;165854.1875
1787030813091;194378.75;1787030813091;165822.25
1787030813101;194378.75;1787030813101;165822.25
1787030813111;194378.75;1787030813111;165822.25
1787030813121;194378.75;1787030813121;165822.25
1787030813131;194378.75;1787030813131;165822.25
1787030813141;194378.75;1787030813141;165822.25
1787030813151;194577;1787030813151;165917.578125
1787030813161;194577;1787030813161;165917.578125
1787030813171;194640.375;1787030813171;165946.015625
1787030813181;194640.375;1787030813181;165946.015625
1787030813191;194640.375;1787030813191;165946.015625
1787030813201;194640.375;1787030813201;165946.015625
1787030813211;194640.375;1787030813211;165946.015625
1787030813221;194640.375;1787030813221;165946.015625
1787030813231;194583.34375;1787030813231;165907.765625
1787030813241;194568.1875;1787030813241;165899.59375
1787030813251;194568.1875;1787030813251;165899.59375
1787030813261;194568.1875;1787030813261;165899.59375
1787030813271;194568.1875;1787030813271;165899.59375
1787030813281;194568.1875;1787030813281;165899.59375
1787030813291;194568.1875;1787030813291;165899.59375
1787030813301;194568.1875;1787030813301;165899.59375
1787030813311;194582.265625;1787030813311;165906.609375
1787030813321;194640.515625;1787030813321;165930.453125
1787030813331;194640.515625;1787030813331;165930.453125
1787030813341;194640.515625;1787030813341;165930.453125
1787030813351;194640.515625;1787030813351;165930.453125
1787030813361;194640.515625;1787030813361;165930.453125
1787030813371;194640.515625;1787030813371;165930.453125
1787030813381;194740.984375;1787030813381;165958.03125
1787030813391;194817.171875;1787030813391;165969.703125
1787030813401;194817.171875;1787030813401;165969.703125
1787030813411;194817.171875;1787030813411;165969.703125
1787030813421;194817.171875;1787030813421;165969.703125
1787030813431;194817.171875;1787030813431;165969.703125
1787030813441;194817.171875;1787030813441;165969.703125
1787030813451;195041.96875;1787030813451;166065
1787030813461;195074.5;1787030813461;166079.328125
1787030813471;195074.5;1787030813471;166079.328125
1787030813481;195074.5;1787030813481;166079.328125
1787030813491;195074.5;1787030813491;166079.328125
1787030813501;195074.5;1787030813501;166079.328125
1787030813511;195074.5;1787030813511;166079.328125
1787030813521;195074.5;1787030813521;166079.328125
1787030813531;195082.046875;1787030813531;166080.046875
1787030813541;195083.71875;1787030813541;166076.28125
1787030813551;195083.71875;1787030813551;166076.28125
1787030813561;195083.71875;1787030813561;166076.28125
1787030813571;195083.71875;1787030813571;166076.28125
1787030813581;195083.71875;1787030813581;166076.28125
1787030813591;195083.71875;1787030813591;166076.28125
1787030813601;195083.71875;1787030813601;166084.796875
1787030813611;195345.15625;1787030813611;166179.640625
1787030813621;195419.53125;1787030813621;166212.9375
1787030813631;195419.53125;1787030813631;166212.9375
1787030813641;195419.53125;1787030813641;166212.9375
1787030813651;195419.53125;1787030813651;166212.9375
1787030813661;195419.53125;1787030813661;166212.9375
1787030813671;195419.53125;1787030813671;166212.9375
1787030813681;195495.046875;1787030813681;166238.109375
1787030813691;195311.46875;1787030813691;166150.890625
1787030813701;195311.46875;1787030813701;166150.890625
1787030813711;195311.46875;1787030813711;166150.890625
1787030813721;195311.46875;1787030813721;166150.890625
1787030813731;195311.46875;1787030813731;166150.890625
1787030813741;195311.46875;1787030813741;166150.890625
1787030813751;194538.203125;1787030813751;165840.734375
1787030813761;194490.890625;1787030813761;165820.671875
1787030813771;194460.796875;1787030813771;165806.671875
1787030813781;194460.796875;1787030813781;165806.671875
1787030813791;194460.796875;1787030813791;165806.671875
1787030813801;194460.796875;1787030813801;165806.671875
1787030813811;194460.796875;1787030813811;165806.671875
1787030813821;194460.796875;1787030813821;165806.671875
1787030813831;194392.875;1787030813831;165786.671875
1787030813841;194440.15625;1787030813841;165808.859375
1787030813851;194440.15625;1787030813851;165808.859375
1787030813861;194440.15625;1787030813861;165808.859375
1787030813871;194440.15625;1787030813871;165808.859375
1787030813881;194440.15625;1787030813881;165808.859375
1787030813891;194440.15625;1787030813891;165808.859375
1787030813901;194532.984375;1787030813901;165842.1875
1787030813911;194736.734375;1787030813911;165915.71875
1787030813921;194757.84375;1787030813921;165924.21875
1787030813931;194757.84375;1787030813931;165924.21875
1787030813941;194757.84375;1787030813941;165924.21875
1787030813951;194757.84375;1787030813951;165924.21875
1787030813961;194757.84375;1787030813961;165924.21875
1787030813971;194757.84375;1787030813971;165924.21875
1787030813981;194753.25;1787030813981;165915.921875
1787030813991;194757.1875;1787030813991;165914.09375
1787030814001;194757.1875;1787030814001;165914.09375
1787030814011;194757.1875;1787030814011;165914.09375
1787030814021;194757.1875;1787030814021;165914.09375
1787030814031;194757.1875;1787030814031;165914.09375
1787030814041;194757.1875;1787030814041;165914.09375
1787030814051;194720.21875;1787030814051;165895.90625
1787030814061;194741.421875;1787030814061;165911.671875
1787030814071;194741.421875;1787030814071;165911.671875
1787030814081;194741.421875;1787030814081;165911.671875
1787030814091;194741.421875;1787030814091;165911.671875
1787030814101;194741.421875;1787030814101;165911.671875
1787030814111;194741.421875;1787030814111;165911.671875
1787030814121;194741.421875;1787030814121;165920.765625
1787030814131;194803.5;1787030814131;165927.53125
1787030814141;194822.015625;1787030814141;165932.75
1787030814151;194822.015625;1787030814151;165932.75
1787030814161;194822.015625;1787030814161;165932.75
1787030814171;194822.015625;1787030814171;165932.75
1787030814181;194822.015625;1787030814181;165932.75
1787030814191;194822.015625;1787030814191;165932.75
1787030814201;194991.875;1787030814201;166004.96875
1787030814211;195066.109375;1787030814211;166034.59375
1787030814221;195108.390625;1787030814221;166046.9375
1787030814231;195108.390625;1787030814231;166046.9375
1787030814241;195108.390625;1787030814241;166046.9375
1787030814251;195108.390625;1787030814251;166046.9375
1787030814261;195108.390625;1787030814261;166046.9375
1787030814271;195108.390625;1787030814271;166046.9375
1787030814281;195224.515625;1787030814281;166091.03125
1787030814291;195224.515625;1787030814291;166091.03125
1787030814301;195273.609375;1787030814301;166107.859375
1787030814311;195273.609375;1787030814311;166107.859375
1787030814321;195273.609375;1787030814321;166107.859375
1787030814331;195273.609375;1787030814331;166107.859375
1787030814341;195273.609375;1787030814341;166107.859375
1787030814351;195273.609375;1787030814351;166107.859375
1787030814361;195403.734375;1787030814361;166166.984375
1787030814371;195403.734375;1787030814371;166166.984375
1787030814381;195403.734375;1787030814381;166166.984375
1787030814391;195403.734375;1787030814391;166166.984375
1787030814401;195403.734375;1787030814401;166166.984375
1787030814411;195403.734375;1787030814411;166166.984375
1787030814421;195436.765625;1787030814421;166169.8125
1787030814431;195469.875;1787030814431;166159.265625
1787030814441;195495.453125;1787030814441;166166.75
1787030814451;195495.453125;1787030814451;166166.75
1787030814461;195495.453125;1787030814461;166166.75
1787030814471;195495.453125;1787030814471;166166.75
1787030814481;195495.453125;1787030814481;166166.75
1787030814491;195495.453125;1787030814491;166166.75
1787030814501;195580.59375;1787030814501;166224.734375
1787030814511;195602.046875;1787030814511;166235.0625
1787030814521;195652.3125;1787030814521;166252.359375
1787030814531;195652.3125;1787030814531;166252.359375
1787030814541;195652.3125;1787030814541;166252.359375
1787030814551;195652.3125;1787030814551;166252.359375
1787030814561;195652.3125;1787030814561;166252.359375
1787030814571;195652.3125;1787030814571;166252.359375
1787030814581;195767.296875;1787030814581;166272.734375
1787030814591;195767.296875;1787030814591;166272.734375
1787030814601;195710.40625;1787030814601;166248.8125
1787030814611;195710.40625;1787030814611;166248.8125
1787030814621;195710.40625;1787030814621;166248.8125
1787030814631;195710.40625;1787030814631;166248.8125
1787030814641;195710.40625;1787030814641;166248.8125
1787030814651;195710.40625;1787030814651;166248.8125
1787030814661;194802;1787030814661;165886.234375
1787030814671;194802;1787030814671;165886.234375
1787030814681;194802;1787030814681;165886.234375
1787030814691;194802;1787030814691;165886.234375
1787030814701;194802;1787030814701;165886.234375
1787030814711;194802;1787030814711;165886.234375
1787030814721;194584.34375;1787030814721;165804.640625
1787030814731;194637.9375;1787030814731;165829.578125
1787030814741;194665.03125;1787030814741;165841.703125
1787030814751;194665.03125;1787030814751;165841.703125
1787030814761;194665.03125;1787030814761;165841.703125
1787030814771;194665.03125;1787030814771;165841.703125
1787030814781;194665.03125;1787030814781;165841.703125
1787030814791;194665.03125;1787030814791;165841.703125
1787030814801;194746.140625;1787030814801;165866.421875
1787030814811;194756.5625;1787030814811;165867.484375
1787030814821;194769.015625;1787030814821;165870.078125
1787030814831;194769.015625;1787030814831;165870.078125
1787030814841;194769.015625;1787030814841;165870.078125
1787030814851;194769.015625;1787030814851;165870.078125
1787030814861;194769.015625;1787030814861;165870.078125
1787030814871;194769.015625;1787030814871;165870.078125
1787030814881;194871.375;1787030814881;165901.25
1787030814891;194903.171875;1787030814891;165904.984375
1787030814901;194903.171875;1787030814901;165904.984375
1787030814911;194903.171875;1787030814911;165904.984375
1787030814921;194903.171875;1787030814921;165904.984375
1787030814931;194903.171875;1787030814931;165904.984375
1787030814941;194903.171875;1787030814941;165904.984375
1787030814951;194921.890625;1787030814951;165906.265625
1787030814961;194911.890625;1787030814961;165898.75
1787030814971;194907.21875;1787030814971;165895.875
1787030814981;194907.21875;1787030814981;165895.875
1787030814991;194907.21875;1787030814991;165895.875
1787030815001;194907.21875;1787030815001;165895.875
1787030815011;194907.21875;1787030815011;165895.875
1787030815021;194907.21875;1787030815021;165895.875
1787030815031;194944.734375;1787030815031;165913.578125
1787030815041;194965;1787030815041;165922.3125
1787030815051;194965;1787030815051;165922.3125
1787030815061;194965;1787030815061;165922.3125
1787030815071;194965;1787030815071;165922.3125
1787030815081;194965;1787030815081;165922.3125
1787030815091;194965;1787030815091;165922.3125
1787030815101;195128.1875;1787030815101;165974.265625
1787030815111;195176.84375;1787030815111;165995.0625
1787030815121;195176.84375;1787030815121;165995.0625
1787030815131;195176.84375;1787030815131;165995.0625
1787030815141;195176.84375;1787030815141;165995.0625
1787030815151;195176.84375;1787030815151;165995.0625
1787030815161;195176.84375;1787030815161;165995.0625
1787030815171;195234.65625;1787030815171;166019.96875
1787030815181;195347.78125;1787030815181;166067.3125
1787030815191;195367.546875;1787030815191;166074.765625
1787030815201;195367.546875;1787030815201;166074.765625
1787030815211;195367.546875;1787030815211;166074.765625
1787030815221;195367.546875;1787030815221;166074.765625
1787030815231;195367.546875;1787030815231;166074.765625
1787030815241;195367.546875;1787030815241;166074.765625
1787030815251;195429.390625;1787030815251;166075.71875
1787030815261;195444.140625;1787030815261;166075.53125
1787030815271;195481.78125;1787030815271;166083.625
1787030815281;195481.78125;1787030815281;166083.625
1787030815291;195481.78125;1787030815291;166083.625
1787030815301;195481.78125;1787030815301;166083.625
1787030815311;195481.78125;1787030815311;166083.625
1787030815321;195481.78125;1787030815321;166083.625
1787030815331;195600.453125;1787030815331;166134.609375
1787030815341;195600.453125;1787030815341;166134.609375
1787030815351;195633.15625;1787030815351;166145.53125
1787030815361;195633.15625;1787030815361;166145.53125
1787030815371;195633.15625;1787030815371;166145.53125
1787030815381;195633.15625;1787030815381;166145.53125
1787030815391;195633.15625;1787030815391;166145.53125
1787030815401;195633.15625;1787030815401;166145.53125
1787030815411;195751.078125;1787030815411;166187.9375
1787030815421;195751.078125;1787030815421;166187.9375
1787030815431;195751.078125;1787030815431;166187.9375
1787030815441;195751.078125;1787030815441;166187.9375
1787030815451;195751.078125;1787030815451;166187.9375
1787030815461;195751.078125;1787030815461;166187.9375
1787030815471;195837.171875;1787030815471;166233.421875
1787030815481;195886.46875;1787030815481;166247.640625
1787030815491;195948.578125;1787030815491;166260.46875
1787030815501;195948.578125;1787030815501;166260.46875
1787030815511;195948.578125;1787030815511;166260.46875
1787030815521;195948.578125;1787030815521;166260.46875
1787030815531;195948.578125;1787030815531;166260.46875
1787030815541;195948.578125;1787030815541;166260.46875
1787030815551;195882.21875;1787030815551;166214.5
1787030815561;195882.21875;1787030815561;166214.5
1787030815571;195576.8125;1787030815571;166092.703125
1787030815581;195576.8125;1787030815581;166092.703125
1787030815591;195576.8125;1787030815591;166092.703125
1787030815601;195576.8125;1787030815601;166092.703125
1787030815611;195576.8125;1787030815611;166092.703125
1787030815621;195576.8125;1787030815621;166092.703125
1787030815631;194702.828125;1787030815631;165754.03125
1787030815641;194670.34375;1787030815641;165740.0625
1787030815651;194670.34375;1787030815651;165740.0625
1787030815661;194670.34375;1787030815661;165740.0625
1787030815671;194670.34375;1787030815671;165740.0625
1787030815681;194670.34375;1787030815681;165740.0625
1787030815691;194670.34375;1787030815691;165740.0625
1787030815701;194663.625;1787030815701;165734.890625
1787030815711;194773.53125;1787030815711;165774.84375
1787030815721;194818.28125;1787030815721;165798.484375
1787030815731;194818.28125;1787030815731;165798.484375
1787030815741;194818.28125;1787030815741;165798.484375
1787030815751;194818.28125;1787030815751;165798.484375
1787030815761;194818.28125;1787030815761;165798.484375
1787030815771;194818.28125;1787030815771;165798.484375
1787030815781;194862.90625;1787030815781;165814.5
1787030815791;194905.09375;1787030815791;165821.046875
1787030815801;194905.09375;1787030815801;165821.046875
1787030815811;194905.09375;1787030815811;165821.046875
1787030815821;194905.09375;1787030815821;165821.046875
1787030815831;194905.09375;1787030815831;165821.046875
1787030815841;194905.09375;1787030815841;165821.046875
1787030815851;195022.25;1787030815851;165851.84375
1787030815861;195027.796875;1787030815861;165847.140625
1787030815871;195026.53125;1787030815871;165839.9375
1787030815881;195026.53125;1787030815881;165839.9375
1787030815891;195026.53125;1787030815891;165839.9375
1787030815901;195026.53125;1787030815901;165839.9375
1787030815911;195026.53125;1787030815911;165839.9375
1787030815921;195026.53125;1787030815921;165839.9375
1787030815931;194949.265625;1787030815931;165817.671875
1787030815941;194949.671875;1787030815941;165818.359375
1787030815951;194949.671875;1787030815951;165818.359375
1787030815961;194949.671875;1787030815961;165818.359375
1787030815971;194949.671875;1787030815971;165818.359375
1787030815981;194949.671875;1787030815981;165818.359375
1787030815991;194949.671875;1787030815991;165818.359375
1787030816001;194977.609375;1787030816001;165819.46875
1787030816011;195064.515625;1787030816011;165846.28125
1787030816021;195094.765625;1787030816021;165863.875
1787030816031;195094.765625;1787030816031;165863.875
1787030816041;195094.765625;1787030816041;165863.875
1787030816051;195094.765625;1787030816051;165863.875
1787030816061;195094.765625;1787030816061;165863.875
1787030816071;195094.765625;1787030816071;165863.875
1787030816081;195083.171875;1787030816081;165860.3125
1787030816091;195077.59375;1787030816091;165853.953125
1787030816101;195077.59375;1787030816101;165853.953125
1787030816111;195077.59375;1787030816111;165853.953125
1787030816121;195077.59375;1787030816121;165853.953125
1787030816131;195077.59375;1787030816131;165853.953125
1787030816141;195077.59375;1787030816141;165853.953125
1787030816151;195202.984375;1787030816151;165881.21875
1787030816161;195228.453125;1787030816161;165887.609375
1787030816171;195228.453125;1787030816171;165887.609375
1787030816181;195228.453125;1787030816181;165887.609375
1787030816191;195228.453125;1787030816191;165887.609375
1787030816201;195228.453125;1787030816201;165887.609375
1787030816211;195228.453125;1787030816211;165887.609375
1787030816221;195237.84375;1787030816221;165890.4375
1787030816231;195300.0625;1787030816231;165904.34375
1787030816241;195310.375;1787030816241;165905.53125
1787030816251;195310.375;1787030816251;165905.53125
1787030816261;195310.375;1787030816261;165905.53125
1787030816271;195310.375;1787030816271;165905.53125
1787030816281;195310.375;1787030816281;165905.53125
1787030816291;195310.375;1787030816291;165905.53125
1787030816301;195312.65625;1787030816301;165898.34375
1787030816311;195303.984375;1787030816311;165889.5625
1787030816321;195311.65625;1787030816321;165885.84375
1787030816331;195311.65625;1787030816331;165885.84375
1787030816341;195311.65625;1787030816341;165885.84375
1787030816351;195311.65625;1787030816351;165885.84375
1787030816361;195311.65625;1787030816361;165885.84375
1787030816371;195311.65625;1787030816371;165885.84375
1787030816381;195420.8125;1787030816381;165917.265625
1787030816391;195420.8125;1787030816391;165917.265625
1787030816401;195451.71875;1787030816401;165929.453125
1787030816411;195451.71875;1787030816411;165929.453125
1787030816421;195451.71875;1787030816421;165929.453125
1787030816431;195451.71875;1787030816431;165929.453125
1787030816441;195451.71875;1787030816441;165929.453125
1787030816451;195451.71875;1787030816451;165929.453125
1787030816461;195515.171875;1787030816461;165951.65625
1787030816471;195515.171875;1787030816471;165951.65625
1787030816481;195515.171875;1787030816481;165951.65625
1787030816491;195515.171875;1787030816491;165951.65625
1787030816501;195515.171875;1787030816501;165951.65625
1787030816511;195515.171875;1787030816511;165951.65625
1787030816521;195282.015625;1787030816521;165858.28125
1787030816531;194877.96875;1787030816531;165707.609375
1787030816541;194665.703125;1787030816541;165629.375
1787030816551;194665.703125;1787030816551;165629.375
1787030816561;194665.703125;1787030816561;165629.375
1787030816571;194665.703125;1787030816571;165629.375
1787030816581;194665.703125;1787030816581;165629.375
1787030816591;194665.703125;1787030816591;165629.375
1787030816601;194567.0625;1787030816601;165584.453125
1787030816611;194588.84375;1787030816611;165584.453125
1787030816621;194639.671875;1787030816621;165595.4375
1787030816631;194639.671875;1787030816631;165595.4375
1787030816641;194639.671875;1787030816641;165595.4375
1787030816651;194639.671875;1787030816651;165595.4375
1787030816661;194639.671875;1787030816661;165595.4375
1787030816671;194639.671875;1787030816671;165595.4375
1787030816681;194731.90625;1787030816681;165620.140625
1787030816691;194731.90625;1787030816691;165620.140625
1787030816701;194745.140625;1787030816701;165626.59375
1787030816711;194745.140625;1787030816711;165626.59375
1787030816721;194745.140625;1787030816721;165626.59375
1787030816731;194745.140625;1787030816731;165626.59375
1787030816741;194745.140625;1787030816741;165626.59375
1787030816751;194745.140625;1787030816751;165626.59375
1787030816761;194920.015625;1787030816761;165709.84375
1787030816771;194920.015625;1787030816771;165709.84375
1787030816781;194920.015625;1787030816781;165709.84375
1787030816791;194920.015625;1787030816791;165709.84375
1787030816801;194920.015625;1787030816801;165709.84375
1787030816811;194920.015625;1787030816811;165709.84375
1787030816821;194957.25;1787030816821;165713.96875
1787030816831;194950.171875;1787030816831;165712.796875
1787030816841;194944.546875;1787030816841;165710.984375
1787030816851;194944.546875;1787030816851;165710.984375
1787030816861;194944.546875;1787030816861;165710.984375
1787030816871;194944.546875;1787030816871;165710.984375
1787030816881;194944.546875;1787030816881;165710.984375
1787030816891;194944.546875;1787030816891;165710.984375
1787030816901;194905.140625;1787030816901;165682.59375
1787030816911;194912.484375;1787030816911;165687.03125
1787030816921;194936.046875;1787030816921;165698.046875
1787030816931;194936.046875;1787030816931;165698.046875
1787030816941;194936.046875;1787030816941;165698.046875
1787030816951;194936.046875;1787030816951;165698.046875
1787030816961;194936.046875;1787030816961;165698.046875
1787030816971;194936.046875;1787030816971;165698.046875
1787030816981;195249.84375;1787030816981;165819.625
1787030816991;195297.625;1787030816991;165834.25
1787030817001;195297.625;1787030817001;165834.25
1787030817011;195297.625;1787030817011;165834.25
1787030817021;195297.625;1787030817021;165834.25
1787030817031;195297.625;1787030817031;165834.25
1787030817041;195297.625;1787030817041;165834.25
1787030817051;195332.328125;1787030817051;165840.65625
1787030817061;195449.1875;1787030817061;165882.78125
1787030817071;195512.765625;1787030817071;165908.546875
1787030817081;195512.765625;1787030817081;165908.546875
1787030817091;195512.765625;1787030817091;165908.546875
1787030817101;195512.765625;1787030817101;165908.546875
1787030817111;195512.765625;1787030817111;165908.546875
1787030817121;195512.765625;1787030817121;165908.546875
1787030817131;195586.84375;1787030817131;165919.75
1787030817141;195605.15625;1787030817141;165920.78125
1787030817151;195605.15625;1787030817151;165920.78125
1787030817161;195605.15625;1787030817161;165920.78125
1787030817171;195605.15625;1787030817171;165920.78125
1787030817181;195605.15625;1787030817181;165920.78125
1787030817191;195605.15625;1787030817191;165920.78125
1787030817201;195705.953125;1787030817201;165976.765625
1787030817211;195745.984375;1787030817211;165995.09375
1787030817221;195745.984375;1787030817221;165995.09375
1787030817231;195745.984375;1787030817231;165995.09375
1787030817241;195745.984375;1787030817241;165995.09375
1787030817251;195745.984375;1787030817251;165995.09375
1787030817261;195745.984375;1787030817261;165995.09375
1787030817271;195766.484375;1787030817271;166002.53125
1787030817281;195759.609375;1787030817281;165976.125
1787030817291;195686.40625;1787030817291;165943.03125
1787030817301;195686.40625;1787030817301;165943.03125
1787030817311;195686.40625;1787030817311;165943.03125
1787030817321;195686.40625;1787030817321;165943.03125
1787030817331;195686.40625;1787030817331;165943.03125
1787030817341;195686.40625;1787030817341;165943.03125
1787030817351;195106.015625;1787030817351;165719.109375
1787030817361;194809.59375;1787030817361;165605.03125
1787030817371;194629.8125;1787030817371;165528.078125
1787030817381;194629.8125;1787030817381;165528.078125
1787030817391;194629.8125;1787030817391;165528.078125
1787030817401;194629.8125;1787030817401;165528.078125
1787030817411;194629.8125;1787030817411;165528.078125
1787030817421;194629.8125;1787030817421;165528.078125
1787030817431;194648.90625;1787030817431;165515.890625
1787030817441;194648.90625;1787030817441;165515.890625
1787030817451;194707.203125;1787030817451;165544.515625
1787030817461;194707.203125;1787030817461;165544.515625
1787030817471;194707.203125;1787030817471;165544.515625
1787030817481;194707.203125;1787030817481;165544.515625
1787030817491;194707.203125;1787030817491;165544.515625
1787030817501;194707.203125;1787030817501;165544.515625
1787030817511;194835.6875;1787030817511;165595.078125
1787030817521;194835.6875;1787030817521;165595.078125
1787030817531;194835.6875;1787030817531;165595.078125
1787030817541;194835.6875;1787030817541;165595.078125
1787030817551;194835.6875;1787030817551;165595.078125
1787030817561;194835.6875;1787030817561;165595.078125
1787030817571;194899.015625;1787030817571;165604.453125
1787030817581;194935.828125;1787030817581;165616.171875
1787030817591;194941.09375;1787030817591;165620.015625
1787030817601;194941.09375;1787030817601;165620.015625
1787030817611;194941.09375;1787030817611;165620.015625
1787030817621;194941.09375;1787030817621;165620.015625
1787030817631;194941.09375;1787030817631;165620.015625
1787030817641;194941.09375;1787030817641;165620.015625
1787030817651;194945.375;1787030817651;165622.703125
1787030817661;194949.765625;1787030817661;165627.375
1787030817671;194950.265625;1787030817671;165628.46875
1787030817681;194950.265625;1787030817681;165628.46875
1787030817691;194950.265625;1787030817691;165628.46875
1787030817701;194950.265625;1787030817701;165628.46875
1787030817711;194950.265625;1787030817711;165628.46875
1787030817721;194950.265625;1787030817721;165628.46875
1787030817731;195013.09375;1787030817731;165657.6875
1787030817741;195013.09375;1787030817741;165657.6875
1787030817751;195013.09375;1787030817751;165657.6875
1787030817761;195013.09375;1787030817761;165657.6875
1787030817771;195013.09375;1787030817771;165657.6875
1787030817781;195013.09375;1787030817781;165657.6875
1787030817791;195013.09375;1787030817791;165657.6875
1787030817801;195129.28125;1787030817801;165684.125
1787030817811;195176.5;1787030817811;165696.21875
1787030817821;195176.5;1787030817821;165696.21875
1787030817831;195176.5;1787030817831;165696.21875
1787030817841;195176.5;1787030817841;165696.21875
1787030817851;195176.5;1787030817851;165696.21875
1787030817861;195176.5;1787030817861;165696.21875
1787030817871;195228.203125;1787030817871;165713.375
1787030817881;195329.3125;1787030817881;165752.625
1787030817891;195372.15625;1787030817891;165770.484375
1787030817901;195372.15625;1787030817901;165770.484375
1787030817911;195372.15625;1787030817911;165770.484375
1787030817921;195372.15625;1787030817921;165770.484375
1787030817931;195372.15625;1787030817931;165770.484375
1787030817941;195372.15625;1787030817941;165770.484375
1787030817951;195450.75;1787030817951;165801.234375
1787030817961;195489.3125;1787030817961;165816.015625
1787030817971;195522.421875;1787030817971;165829.9375
1787030817981;195522.421875;1787030817981;165829.9375
1787030817991;195522.421875;1787030817991;165829.9375
1787030818001;195522.421875;1787030818001;165829.9375
1787030818011;195522.421875;1787030818011;165829.9375
1787030818021;195522.421875;1787030818021;165829.9375
1787030818031;195619.25;1787030818031;165853.234375
1787030818041;195619.25;1787030818041;165853.234375
1787030818051;195645.8125;1787030818051;165858.546875
1787030818061;195645.8125;1787030818061;165858.546875
1787030818071;195645.8125;1787030818071;165858.546875
1787030818081;195645.8125;1787030818081;165858.546875
1787030818091;195645.8125;1787030818091;165858.546875
1787030818101;195645.8125;1787030818101;165858.546875
1787030818111;195897.96875;1787030818111;165965.125
1787030818121;195897.96875;1787030818121;165965.125
1787030818131;195897.96875;1787030818131;165965.125
1787030818141;195897.96875;1787030818141;165965.125
1787030818151;195897.96875;1787030818151;165965.125
1787030818161;195897.96875;1787030818161;165965.125
1787030818171;195658.328125;1787030818171;165875.1875
1787030818181;195315.515625;1787030818181;165742.3125
1787030818191;195138.234375;1787030818191;165674.015625
1787030818201;195138.234375;1787030818201;165674.015625
1787030818211;195138.234375;1787030818211;165674.015625
1787030818221;195138.234375;1787030818221;165674.015625
1787030818231;195138.234375;1787030818231;165674.015625
1787030818241;195138.234375;1787030818241;165674.015625
1787030818251;194655.8125;1787030818251;165486.484375
1787030818261;194655.8125;1787030818261;165486.484375
1787030818271;194669.96875;1787030818271;165490.5
1787030818281;194669.96875;1787030818281;165490.5
1787030818291;194669.96875;1787030818291;165490.5
1787030818301;194669.96875;1787030818301;165490.5
1787030818311;194669.96875;1787030818311;165490.5
1787030818321;194669.96875;1787030818321;165490.5
1787030818331;194787.078125;1787030818331;165518.5625
1787030818341;194806.90625;1787030818341;165519.09375
1787030818351;194806.90625;1787030818351;165519.09375
1787030818361;194806.90625;1787030818361;165519.09375
1787030818371;194806.90625;1787030818371;165519.09375
1787030818381;194806.90625;1787030818381;165519.09375
1787030818391;194806.90625;1787030818391;165519.09375
1787030818401;194817;1787030818401;165520.171875
1787030818411;194930.078125;1787030818411;165564.171875
1787030818421;194955.34375;1787030818421;165575.6875
1787030818431;194955.34375;1787030818431;165575.6875
1787030818441;194955.34375;1787030818441;165575.6875
1787030818451;194955.34375;1787030818451;165575.6875
1787030818461;194955.34375;1787030818461;165575.6875
1787030818471;194955.34375;1787030818471;165575.6875
1787030818481;194982.203125;1787030818481;165571.296875
1787030818491;194972.96875;1787030818491;165561.625
1787030818501;194972.96875;1787030818501;165561.625
1787030818511;194972.96875;1787030818511;165561.625
1787030818521;194972.96875;1787030818521;165561.625
1787030818531;194972.96875;1787030818531;165561.625
1787030818541;194972.96875;1787030818541;165561.625
1787030818551;194985.515625;1787030818551;165580.609375
1787030818561;195021.328125;1787030818561;165600.8125
1787030818571;195021.328125;1787030818571;165600.8125
1787030818581;195021.328125;1787030818581;165600.8125
1787030818591;195021.328125;1787030818591;165600.8125
1787030818601;195021.328125;1787030818601;165600.8125
1787030818611;195021.328125;1787030818611;165600.8125
1787030818621;195044.71875;1787030818621;165610.40625
1787030818631;195182.390625;1787030818631;165656.0625
1787030818641;195206.78125;1787030818641;165663.78125
1787030818651;195206.78125;1787030818651;165663.78125
1787030818661;195206.78125;1787030818661;165663.78125
1787030818671;195206.78125;1787030818671;165663.78125
1787030818681;195206.78125;1787030818681;165663.78125
1787030818691;195206.78125;1787030818691;165663.78125
1787030818701;195329.890625;1787030818701;165692.40625
1787030818711;195355.875;1787030818711;165697.75
1787030818721;195403;1787030818721;165710.5
1787030818731;195403;1787030818731;165710.5
1787030818741;195403;1787030818741;165710.5
1787030818751;195403;1787030818751;165710.5
1787030818761;195403;1787030818761;165710.5
1787030818771;195403;1787030818771;165710.5
1787030818781;195558.46875;1787030818781;165780.515625
1787030818791;195558.46875;1787030818791;165780.515625
1787030818801;195611.140625;1787030818801;165798.40625
1787030818811;195611.140625;1787030818811;165798.40625
1787030818821;195611.140625;1787030818821;165798.40625
1787030818831;195611.140625;1787030818831;165798.40625
1787030818841;195611.140625;1787030818841;165798.40625
1787030818851;195611.140625;1787030818851;165798.40625
1787030818861;195542.703125;1787030818861;165757.234375
1787030818871;195542.703125;1787030818871;165757.234375
1787030818881;195542.703125;1787030818881;165757.234375
1787030818891;195542.703125;1787030818891;165757.234375
1787030818901;195542.703125;1787030818901;165757.234375
1787030818911;195542.703125;1787030818911;165757.234375
1787030818921;195683.265625;1787030818921;165809.890625
1787030818931;195849.59375;1787030818931;165873.390625
1787030818941;195914.796875;1787030818941;165900.5
1787030818951;195914.796875;1787030818951;165900.5
1787030818961;195914.796875;1787030818961;165900.5
1787030818971;195914.796875;1787030818971;165900.5
1787030818981;195914.796875;1787030818981;165900.5
1787030818991;195914.796875;1787030818991;165900.5
1787030819001;196023.46875;1787030819001;165946.515625
1787030819011;196023.46875;1787030819011;165946.515625
1787030819021;195817.828125;1787030819021;165864.484375
1787030819031;195817.828125;1787030819031;165864.484375
1787030819041;195817.828125;1787030819041;165864.484375
1787030819051;195817.828125;1787030819051;165864.484375
1787030819061;195817.828125;1787030819061;165864.484375
1787030819071;195817.828125;1787030819071;165864.484375
1787030819081;194768.03125;1787030819081;165476.3125
1787030819091;194768.03125;1787030819091;165476.3125
1787030819101;194680.8125;1787030819101;165444.421875
1787030819111;194680.8125;1787030819111;165444.421875
1787030819121;194680.8125;1787030819121;165444.421875
1787030819131;194680.8125;1787030819131;165444.421875
1787030819141;194680.8125;1787030819141;165444.421875
1787030819151;194680.8125;1787030819151;165444.421875
1787030819161;194649;1787030819161;165430.53125
1787030819171;194649;1787030819171;165430.53125
1787030819181;194649;1787030819181;165430.53125
1787030819191;194649;1787030819191;165430.53125
1787030819201;194649;1787030819201;165430.53125
1787030819211;194649;1787030819211;165430.53125
1787030819221;194751.25;1787030819221;165454.921875
1787030819231;194763.484375;1787030819231;165457.53125
1787030819241;194768.078125;1787030819241;165459.84375
1787030819251;194768.078125;1787030819251;165459.84375
1787030819261;194768.078125;1787030819261;165459.84375
1787030819271;194768.078125;1787030819271;165459.84375
1787030819281;194768.078125;1787030819281;165459.84375
1787030819291;194768.078125;1787030819291;165459.84375
1787030819301;195106.921875;1787030819301;165594.984375
1787030819311;195106.921875;1787030819311;165594.984375
1787030819321;195194.625;1787030819321;165633.078125
1787030819331;195194.625;1787030819331;165633.078125
1787030819341;195194.625;1787030819341;165633.078125
1787030819351;195194.625;1787030819351;165633.078125
1787030819361;195194.625;1787030819361;165633.078125
1787030819371;195194.625;1787030819371;165633.078125
1787030819381;194948.71875;1787030819381;165537.25
1787030819391;194934.71875;1787030819391;165523.046875
1787030819401;194934.71875;1787030819401;165523.046875
1787030819411;194934.71875;1787030819411;165523.046875
1787030819421;194934.71875;1787030819421;165523.046875
1787030819431;194934.71875;1787030819431;165523.046875
1787030819441;194934.71875;1787030819441;165523.046875
1787030819451;194940.765625;1787030819451;165523.125
1787030819461;195013.140625;1787030819461;165544.671875
1787030819471;195043.296875;1787030819471;165552.109375
1787030819481;195043.296875;1787030819481;165552.109375
1787030819491;195043.296875;1787030819491;165552.109375
1787030819501;195043.296875;1787030819501;165552.109375
1787030819511;195043.296875;1787030819511;165552.109375
1787030819521;195043.296875;1787030819521;165552.109375
1787030819531;195223.140625;1787030819531;165607.28125
1787030819541;195250.765625;1787030819541;165617.625
1787030819551;195250.765625;1787030819551;165617.625
1787030819561;195250.765625;1787030819561;165617.625
1787030819571;195250.765625;1787030819571;165617.625
1787030819581;195250.765625;1787030819581;165617.625
1787030819591;195250.765625;1787030819591;165617.625
1787030819601;195430.5;1787030819601;165689.59375
1787030819611;195485.09375;1787030819611;165710.078125
1787030819621;195485.09375;1787030819621;165710.078125
1787030819631;195485.09375;1787030819631;165710.078125
1787030819641;195485.09375;1787030819641;165710.078125
1787030819651;195485.09375;1787030819651;165710.078125
1787030819661;195485.09375;1787030819661;165710.078125
1787030819671;195511.03125;1787030819671;165719.375
1787030819681;195612.5625;1787030819681;165763.609375
1787030819691;195625.71875;1787030819691;165770.84375
1787030819701;195625.71875;1787030819701;165770.84375
1787030819711;195625.71875;1787030819711;165770.84375
1787030819721;195625.71875;1787030819721;165770.84375
1787030819731;195625.71875;1787030819731;165770.84375
1787030819741;195625.71875;1787030819741;165770.84375
1787030819751;195694.03125;1787030819751;165786.9375
1787030819761;195714.734375;1787030819761;165790.171875
1787030819771;195767.296875;1787030819771;165805.21875
1787030819781;195767.296875;1787030819781;165805.21875
1787030819791;195767.296875;1787030819791;165805.21875
1787030819801;195767.296875;1787030819801;165805.21875
1787030819811;195767.296875;1787030819811;165805.21875
1787030819821;195767.296875;1787030819821;165805.21875
1787030819831;195994.65625;1787030819831;165905.375
1787030819841;195994.65625;1787030819841;165905.375
1787030819851;195984.265625;1787030819851;165895.234375
1787030819861;195984.265625;1787030819861;165895.234375
1787030819871;195984.265625;1787030819871;165895.234375
1787030819881;195984.265625;1787030819881;165895.234375
1787030819891;195984.265625;1787030819891;165895.234375
1787030819901;195984.265625;1787030819901;165895.234375
1787030819911;195062.453125;1787030819911;165548.375
1787030819921;195062.453125;1787030819921;165548.375
1787030819931;195062.453125;1787030819931;165548.375
1787030819941;195062.453125;1787030819941;165548.375
1787030819951;195062.453125;1787030819951;165548.375
1787030819961;195062.453125;1787030819961;165548.375
1787030819971;194567.0625;1787030819971;165356.421875
1787030819981;194532.328125;1787030819981;165338.109375
1787030819991;194574.09375;1787030819991;165350.484375
1787030820001;194574.09375;1787030820001;165350.484375
1787030820011;194574.09375;1787030820011;165350.484375
1787030820021;194574.09375;1787030820021;165350.484375
1787030820031;194574.09375;1787030820031;165350.484375
1787030820041;194574.09375;1787030820041;165350.484375
1787030820051;194713.171875;1787030820051;165380.90625
1787030820061;194713.171875;1787030820061;165380.90625
1787030820071;194726.140625;1787030820071;165385.015625
1787030820081;194726.140625;1787030820081;165385.015625
1787030820091;194726.140625;1787030820091;165385.015625
1787030820101;194726.140625;1787030820101;165385.015625
1787030820111;194726.140625;1787030820111;165385.015625
1787030820121;194726.140625;1787030820121;165385.015625
1787030820131;194853.140625;1787030820131;165429.484375
1787030820141;194853.140625;1787030820141;165429.484375
1787030820151;194874.140625;1787030820151;165435.671875
1787030820161;194874.140625;1787030820161;165435.671875
1787030820171;194874.140625;1787030820171;165435.671875
1787030820181;194874.140625;1787030820181;165435.671875
1787030820191;194874.140625;1787030820191;165435.671875
1787030820201;194874.140625;1787030820201;165435.671875
1787030820211;194838.640625;1787030820211;165429.953125
1787030820221;194838.640625;1787030820221;165429.953125
1787030820231;194838.640625;1787030820231;165429.953125
1787030820241;194838.640625;1787030820241;165429.953125
1787030820251;194838.640625;1787030820251;165429.953125
1787030820261;194838.640625;1787030820261;165429.953125
1787030820271;194806.75;1787030820271;165413.09375
1787030820281;194822.828125;1787030820281;165417.890625
1787030820291;194842.375;1787030820291;165422.6875
1787030820301;194842.375;1787030820301;165422.6875
1787030820311;194842.375;1787030820311;165422.6875
1787030820321;194842.375;1787030820321;165422.6875
1787030820331;194842.375;1787030820331;165422.6875
1787030820341;194842.375;1787030820341;165422.6875
1787030820351;194973.875;1787030820351;165452.375
1787030820361;194995.484375;1787030820361;165462.265625
1787030820371;195017.453125;1787030820371;165472.75
1787030820381;195017.453125;1787030820381;165472.75
1787030820391;195017.453125;1787030820391;165472.75
1787030820401;195017.453125;1787030820401;165472.75
1787030820411;195017.453125;1787030820411;165472.75
1787030820421;195017.453125;1787030820421;165472.75
1787030820431;195158.90625;1787030820431;165514.203125
1787030820441;195204.890625;1787030820441;165532.140625
1787030820451;195204.890625;1787030820451;165532.140625
1787030820461;195204.890625;1787030820461;165532.140625
1787030820471;195204.890625;1787030820471;165532.140625
1787030820481;195204.890625;1787030820481;165532.140625
1787030820491;195204.890625;1787030820491;165532.140625
1787030820501;195250.96875;1787030820501;165568.3125
1787030820511;195351.078125;1787030820511;165595.640625
1787030820521;195368.09375;1787030820521;165600.03125
1787030820531;195368.09375;1787030820531;165600.03125
1787030820541;195368.09375;1787030820541;165600.03125
1787030820551;195368.09375;1787030820551;165600.03125
1787030820561;195368.09375;1787030820561;165600.03125
1787030820571;195368.09375;1787030820571;165600.03125
1787030820581;195314.828125;1787030820581;165586.78125
1787030820591;195314.828125;1787030820591;165586.78125
1787030820601;195314.828125;1787030820601;165586.78125
1787030820611;195314.828125;1787030820611;165586.78125
1787030820621;195314.828125;1787030820621;165586.78125
1787030820631;195314.828125;1787030820631;165586.78125
1787030820641;195314.828125;1787030820641;165586.78125
1787030820651;195524.3125;1787030820651;165644.078125
1787030820661;195286.5625;1787030820661;165555.4375
1787030820671;195286.5625;1787030820671;165555.4375
1787030820681;195286.5625;1787030820681;165555.4375
1787030820691;195286.5625;1787030820691;165555.4375
1787030820701;195286.5625;1787030820701;165555.4375
1787030820711;195286.5625;1787030820711;165555.4375
1787030820721;194773.84375;1787030820721;165356.75
1787030820731;194426.875;1787030820731;165220.984375
1787030820741;194373.1875;1787030820741;165200.796875
1787030820751;194373.1875;1787030820751;165200.796875
1787030820761;194373.1875;1787030820761;165200.796875
1787030820771;194373.1875;1787030820771;165200.796875
1787030820781;194373.1875;1787030820781;165200.796875
1787030820791;194373.1875;1787030820791;165200.796875
1787030820801;194392.9375;1787030820801;165201.578125
1787030820811;194392.9375;1787030820811;165201.578125
1787030820821;194437.171875;1787030820821;165208.140625
1787030820831;194437.171875;1787030820831;165208.140625
1787030820841;194437.171875;1787030820841;165208.140625
1787030820851;194437.171875;1787030820851;165208.140625
1787030820861;194437.171875;1787030820861;165208.140625
1787030820871;194437.171875;1787030820871;165208.140625
1787030820881;194561.796875;1787030820881;165253.375
1787030820891;194561.796875;1787030820891;165253.375
1787030820901;194629.015625;1787030820901;165285.78125
1787030820911;194629.015625;1787030820911;165285.78125
1787030820921;194629.015625;1787030820921;165285.78125
1787030820931;194629.015625;1787030820931;165285.78125
1787030820941;194629.015625;1787030820941;165285.78125
1787030820951;194629.015625;1787030820951;165285.78125
1787030820961;194734.5;1787030820961;165325.640625
1787030820971;194734.5;1787030820971;165325.640625
1787030820981;194734.5;1787030820981;165325.640625
1787030820991;194734.5;1787030820991;165325.640625
1787030821001;194734.5;1787030821001;165325.640625
1787030821011;194734.5;1787030821011;165325.640625
1787030821021;194679.40625;1787030821021;165299.890625
1787030821031;194674.015625;1787030821031;165297.078125
1787030821041;194679.59375;1787030821041;165297.78125
1787030821051;194679.59375;1787030821051;165297.78125
1787030821061;194679.59375;1787030821061;165297.78125
1787030821071;194679.59375;1787030821071;165297.78125
1787030821081;194679.59375;1787030821081;165297.78125
1787030821091;194679.59375;1787030821091;165297.78125
1787030821101;194818.953125;1787030821101;165361.5
1787030821111;194818.953125;1787030821111;165361.5
1787030821121;194876.65625;1787030821121;165387.0625
1787030821131;194876.65625;1787030821131;165387.0625
1787030821141;194876.65625;1787030821141;165387.0625
1787030821151;194876.65625;1787030821151;165387.0625
1787030821161;194876.65625;1787030821161;165387.0625
1787030821171;194876.65625;1787030821171;165387.0625
1787030821181;195046.859375;1787030821181;165427.9375
1787030821191;195076.8125;1787030821191;165435.671875
1787030821201;195076.8125;1787030821201;165435.671875
1787030821211;195076.8125;1787030821211;165435.671875
1787030821221;195076.8125;1787030821221;165435.671875
1787030821231;195076.8125;1787030821231;165435.671875
1787030821241;195076.8125;1787030821241;165435.671875
1787030821251;195107.078125;1787030821251;165444.46875
1787030821261;195236;1787030821261;165489.328125
1787030821271;195274.3125;1787030821271;165503.84375
1787030821281;195274.3125;1787030821281;165503.84375
1787030821291;195274.3125;1787030821291;165503.84375
1787030821301;195274.3125;1787030821301;165503.84375
1787030821311;195274.3125;1787030821311;165503.84375
1787030821321;195274.3125;1787030821321;165503.84375
1787030821331;195342.046875;1787030821331;165526.59375
1787030821341;195371.53125;1787030821341;165531.578125
1787030821351;195371.53125;1787030821351;165531.578125
1787030821361;195371.53125;1787030821361;165531.578125
1787030821371;195371.53125;1787030821371;165531.578125
1787030821381;195371.53125;1787030821381;165531.578125
1787030821391;195371.53125;1787030821391;165531.578125
1787030821401;195486.328125;1787030821401;165564.984375
1787030821411;195550.3125;1787030821411;165592.21875
1787030821421;195550.3125;1787030821421;165592.21875
1787030821431;195550.3125;1787030821431;165592.21875
1787030821441;195550.3125;1787030821441;165592.21875
1787030821451;195550.3125;1787030821451;165592.21875
1787030821461;195550.3125;1787030821461;165592.21875
1787030821471;195550.3125;1787030821471;165592.21875
1787030821481;195553.90625;1787030821481;165567.609375
1787030821491;195284.390625;1787030821491;165462.6875
1787030821501;195284.390625;1787030821501;165462.6875
1787030821511;195284.390625;1787030821511;165462.6875
1787030821521;195284.390625;1787030821521;165462.6875
1787030821531;195284.390625;1787030821531;165462.6875
1787030821541;195284.390625;1787030821541;165462.6875
1787030821551;194719.1875;1787030821551;165259.375
1787030821561;194318.53125;1787030821561;165108.421875
1787030821571;194318.53125;1787030821571;165108.421875
1787030821581;194318.53125;1787030821581;165108.421875
1787030821591;194318.53125;1787030821591;165108.421875
1787030821601;194318.53125;1787030821601;165108.421875
1787030821611;194318.53125;1787030821611;165108.421875
1787030821621;194254.703125;1787030821621;165060.640625
1787030821631;194254.703125;1787030821631;165060.640625
1787030821641;194299.21875;1787030821641;165074.15625
1787030821651;194299.21875;1787030821651;165074.15625
1787030821661;194299.21875;1787030821661;165074.15625
1787030821671;194299.21875;1787030821671;165074.15625
1787030821681;194299.21875;1787030821681;165074.15625
1787030821691;194299.21875;1787030821691;165074.15625
1787030821701;194374.296875;1787030821701;165111.625
1787030821711;194374.296875;1787030821711;165111.625
1787030821721;194406.9375;1787030821721;165120.546875
1787030821731;194406.9375;1787030821731;165120.546875
1787030821741;194406.9375;1787030821741;165120.546875
1787030821751;194406.9375;1787030821751;165120.546875
1787030821761;194406.9375;1787030821761;165120.546875
1787030821771;194406.9375;1787030821771;165120.546875
1787030821781;194535.109375;1787030821781;165145.625
1787030821791;194536.03125;1787030821791;165147.140625
1787030821801;194536.03125;1787030821801;165147.140625
1787030821811;194536.03125;1787030821811;165147.140625
1787030821821;194536.03125;1787030821821;165147.140625
1787030821831;194536.03125;1787030821831;165147.140625
1787030821841;194536.03125;1787030821841;165147.140625
1787030821851;194528.890625;1787030821851;165140.8125
1787030821861;194491.359375;1787030821861;165128
1787030821871;194494.59375;1787030821871;165129.625
1787030821881;194494.59375;1787030821881;165129.625
1787030821891;194494.59375;1787030821891;165129.625
1787030821901;194494.59375;1787030821901;165129.625
1787030821911;194494.59375;1787030821911;165129.625
1787030821921;194494.59375;1787030821921;165129.625
1787030821931;194591.015625;1787030821931;165163.078125
1787030821941;194618.765625;1787030821941;165172.53125
1787030821951;194618.765625;1787030821951;165172.53125
1787030821961;194618.765625;1787030821961;165172.53125
1787030821971;194618.765625;1787030821971;165172.53125
1787030821981;194618.765625;1787030821981;165172.53125
1787030821991;194618.765625;1787030821991;165172.53125
1787030822001;194805.140625;1787030822001;165240.609375
1787030822011;194831.75;1787030822011;165251.09375
1787030822021;194831.75;1787030822021;165251.09375
1787030822031;194831.75;1787030822031;165251.09375
1787030822041;194831.75;1787030822041;165251.09375
1787030822051;194831.75;1787030822051;165251.09375
1787030822061;194831.75;1787030822061;165251.09375
1787030822071;194912.609375;1787030822071;165282.375
1787030822081;194977.5625;1787030822081;165297.578125
1787030822091;195009.453125;1787030822091;165302.125
1787030822101;195009.453125;1787030822101;165302.125
1787030822111;195009.453125;1787030822111;165302.125
1787030822121;195009.453125;1787030822121;165302.125
1787030822131;195009.453125;1787030822131;165302.125
1787030822141;195009.453125;1787030822141;165302.125
1787030822151;195100.109375;1787030822151;165341.421875
1787030822161;195118.421875;1787030822161;165350.328125
1787030822171;195149.4375;1787030822171;165362.765625
1787030822181;195149.4375;1787030822181;165362.765625
1787030822191;195149.4375;1787030822191;165362.765625
1787030822201;195149.4375;1787030822201;165362.765625
1787030822211;195149.4375;1787030822211;165362.765625
1787030822221;195149.4375;1787030822221;165362.765625
1787030822231;195242.546875;1787030822231;165391.328125
1787030822241;195242.546875;1787030822241;165391.328125
1787030822251;195261.125;1787030822251;165397.75
1787030822261;195261.125;1787030822261;165397.75
1787030822271;195261.125;1787030822271;165397.75
1787030822281;195261.125;1787030822281;165397.75
1787030822291;195261.125;1787030822291;165397.75
1787030822301;195261.125;1787030822301;165397.75
1787030822311;195391.015625;1787030822311;165436.9375
1787030822321;195391.015625;1787030822321;165436.9375
1787030822331;195391.015625;1787030822331;165436.9375
1787030822341;195391.015625;1787030822341;165436.9375
1787030822351;195391.015625;1787030822351;165436.9375
1787030822361;195391.015625;1787030822361;165436.9375
1787030822371;195572.984375;1787030822371;165497.984375
1787030822381;195527.671875;1787030822381;165480.53125
1787030822391;195313.234375;1787030822391;165396.859375
1787030822401;195313.234375;1787030822401;165396.859375
1787030822411;195313.234375;1787030822411;165396.859375
1787030822421;195313.234375;1787030822421;165396.859375
1787030822431;195313.234375;1787030822431;165396.859375
1787030822441;195313.234375;1787030822441;165396.859375
1787030822451;194284.296875;1787030822451;165018.296875
1787030822461;194284.296875;1787030822461;165018.296875
1787030822471;194197.9375;1787030822471;164988.921875
1787030822481;194197.9375;1787030822481;164988.921875
1787030822491;194197.9375;1787030822491;164988.921875
1787030822501;194197.9375;1787030822501;164988.921875
1787030822511;194197.9375;1787030822511;164988.921875
1787030822521;194197.9375;1787030822521;164988.921875
1787030822531;194180.140625;1787030822531;164961.3125
1787030822541;194207.265625;1787030822541;164965.59375
1787030822551;194207.265625;1787030822551;164965.59375
1787030822561;194207.265625;1787030822561;164965.59375
1787030822571;194207.265625;1787030822571;164965.59375
1787030822581;194207.265625;1787030822581;164965.59375
1787030822591;194207.265625;1787030822591;164965.59375
1787030822601;194221.8125;1787030822601;164973.171875
1787030822611;194255.125;1787030822611;164988.71875
1787030822621;194290.8125;1787030822621;164996.71875
1787030822631;194290.8125;1787030822631;164996.71875
1787030822641;194290.8125;1787030822641;164996.71875
1787030822651;194290.8125;1787030822651;164996.71875
1787030822661;194290.8125;1787030822661;164996.71875
1787030822671;194290.8125;1787030822671;164996.71875
1787030822681;194366.390625;1787030822681;165018.984375
1787030822691;194375.296875;1787030822691;165019.21875
1787030822701;194375.296875;1787030822701;165019.21875
1787030822711;194375.296875;1787030822711;165019.21875
1787030822721;194375.296875;1787030822721;165019.21875
1787030822731;194375.296875;1787030822731;165019.21875
1787030822741;194375.296875;1787030822741;165019.21875
1787030822751;194320.265625;1787030822751;164975.5
1787030822761;194321.703125;1787030822761;164975.296875
1787030822771;194321.703125;1787030822771;164975.296875
1787030822781;194321.703125;1787030822781;164975.296875
1787030822791;194321.703125;1787030822791;164975.296875
1787030822801;194321.703125;1787030822801;164975.296875
1787030822811;194321.703125;1787030822811;164975.296875
1787030822821;194321.703125;1787030822821;164975.296875
1787030822831;194419.71875;1787030822831;165012
1787030822841;194467.53125;1787030822841;165028.375
1787030822851;194467.53125;1787030822851;165028.375
1787030822861;194467.53125;1787030822861;165028.375
1787030822871;194467.53125;1787030822871;165028.375
1787030822881;194467.53125;1787030822881;165028.375
1787030822891;194467.53125;1787030822891;165028.375
1787030822901;194547.96875;1787030822901;165053.890625
1787030822911;194629.28125;1787030822911;165077.734375
1787030822921;194652.875;1787030822921;165086.078125
1787030822931;194652.875;1787030822931;165086.078125
1787030822941;194652.875;1787030822941;165086.078125
1787030822951;194652.875;1787030822951;165086.078125
1787030822961;194652.875;1787030822961;165086.078125
1787030822971;194652.875;1787030822971;165086.078125
1787030822981;194768.484375;1787030822981;165129.28125
1787030822991;194768.484375;1787030822991;165129.28125
1787030823001;194809.9375;1787030823001;165141.84375
1787030823011;194809.9375;1787030823011;165141.84375
1787030823021;194809.9375;1787030823021;165141.84375
1787030823031;194809.9375;1787030823031;165141.84375
1787030823041;194809.9375;1787030823041;165141.84375
1787030823051;194809.9375;1787030823051;165141.84375
1787030823061;194924.8125;1787030823061;165186.484375
1787030823071;194924.8125;1787030823071;165186.484375
1787030823081;194924.8125;1787030823081;165186.484375
1787030823091;194924.8125;1787030823091;165186.484375
1787030823101;194924.8125;1787030823101;165186.484375
1787030823111;194924.8125;1787030823111;165186.484375
1787030823121;194984.578125;1787030823121;165194.734375
1787030823131;195023.4375;1787030823131;165208.046875
1787030823141;195039.046875;1787030823141;165219.78125
1787030823151;195039.046875;1787030823151;165219.78125
1787030823161;195039.046875;1787030823161;165219.78125
1787030823171;195039.046875;1787030823171;165219.78125
1787030823181;195039.046875;1787030823181;165219.78125
1787030823191;195039.046875;1787030823191;165219.78125
1787030823201;195114.046875;1787030823201;165252.53125
1787030823211;195140.328125;1787030823211;165262.46875
1787030823221;195207.4375;1787030823221;165287.921875
1787030823231;195207.4375;1787030823231;165287.921875
1787030823241;195207.4375;1787030823241;165287.921875
1787030823251;195207.4375;1787030823251;165287.921875
1787030823261;195207.4375;1787030823261;165287.921875
1787030823271;195207.4375;1787030823271;165287.921875
1787030823281;195304.15625;1787030823281;165310.8125
1787030823291;195304.15625;1787030823291;165310.8125
1787030823301;195107.796875;1787030823301;165232.9375
1787030823311;195107.796875;1787030823311;165232.9375
1787030823321;195107.796875;1787030823321;165232.9375
1787030823331;195107.796875;1787030823331;165232.9375
1787030823341;195107.796875;1787030823341;165232.9375
1787030823351;195107.796875;1787030823351;165232.9375
1787030823361;194162.59375;1787030823361;164877.171875
1787030823371;194162.59375;1787030823371;164877.171875
1787030823381;194162.59375;1787030823381;164877.171875
1787030823391;194162.59375;1787030823391;164877.171875
1787030823401;194162.59375;1787030823401;164877.171875
1787030823411;194162.59375;1787030823411;164877.171875
1787030823421;193988.5;1787030823421;164803.15625
1787030823431;194006.109375;1787030823431;164807.03125
1787030823441;194039.84375;1787030823441;164812
1787030823451;194039.84375;1787030823451;164812
1787030823461;194039.84375;1787030823461;164812
1787030823471;194039.84375;1787030823471;164812
1787030823481;194039.84375;1787030823481;164812
1787030823491;194039.84375;1787030823491;164812
1787030823501;194053.234375;1787030823501;164783.0625
1787030823511;194053.234375;1787030823511;164783.0625
1787030823521;194055.78125;1787030823521;164787.046875
1787030823531;194055.78125;1787030823531;164787.046875
1787030823541;194055.78125;1787030823541;164787.046875
1787030823551;194055.78125;1787030823551;164787.046875
1787030823561;194055.78125;1787030823561;164787.046875
1787030823571;194055.78125;1787030823571;164787.046875
1787030823581;194432.265625;1787030823581;164947.84375
1787030823591;194445.921875;1787030823591;164948.125
1787030823601;194445.921875;1787030823601;164948.125
1787030823611;194445.921875;1787030823611;164948.125
1787030823621;194445.921875;1787030823621;164948.125
1787030823631;194445.921875;1787030823631;164948.125
1787030823641;194445.921875;1787030823641;164948.125
1787030823651;194396.84375;1787030823651;164926.671875
1787030823661;194153.953125;1787030823661;164808.125
1787030823671;194164.734375;1787030823671;164799.875
1787030823681;194164.734375;1787030823681;164799.875
1787030823691;194164.734375;1787030823691;164799.875
1787030823701;194164.734375;1787030823701;164799.875
1787030823711;194164.734375;1787030823711;164799.875
1787030823721;194164.734375;1787030823721;164799.875
1787030823731;194193.421875;1787030823731;164810.890625
1787030823741;194261.703125;1787030823741;164845.59375
1787030823751;194261.703125;1787030823751;164845.59375
1787030823761;194261.703125;1787030823761;164845.59375
1787030823771;194261.703125;1787030823771;164845.59375
1787030823781;194261.703125;1787030823781;164845.59375
1787030823791;194261.703125;1787030823791;164845.59375
1787030823801;194455.625;1787030823801;164912.375
1787030823811;194475.9375;1787030823811;164915.875
1787030823821;194493.625;1787030823821;164918.078125
1787030823831;194493.625;1787030823831;164918.078125
1787030823841;194493.625;1787030823841;164918.078125
1787030823851;194493.625;1787030823851;164918.078125
1787030823861;194493.625;1787030823861;164918.078125
1787030823871;194493.625;1787030823871;164918.078125
1787030823881;194588.90625;1787030823881;164955.625
1787030823891;194625.296875;1787030823891;164966.65625
1787030823901;194625.296875;1787030823901;164966.65625
1787030823911;194625.296875;1787030823911;164966.65625
1787030823921;194625.296875;1787030823921;164966.65625
1787030823931;194625.296875;1787030823931;164966.65625
1787030823941;194625.296875;1787030823941;164966.65625
1787030823951;194657.40625;1787030823951;164969
1787030823961;194704;1787030823961;164988.125
1787030823971;194718.84375;1787030823971;164999.265625
1787030823981;194718.84375;1787030823981;164999.265625
1787030823991;194718.84375;1787030823991;164999.265625
1787030824001;194718.84375;1787030824001;164999.265625
1787030824011;194718.84375;1787030824011;164999.265625
1787030824021;194718.84375;1787030824021;164999.265625
1787030824031;194831.90625;1787030824031;165044.484375
1787030824041;194857.703125;1787030824041;165051.78125
1787030824051;194857.703125;1787030824051;165051.78125
1787030824061;194857.703125;1787030824061;165051.78125
1787030824071;194857.703125;1787030824071;165051.78125
1787030824081;194857.703125;1787030824081;165051.78125
1787030824091;194857.703125;1787030824091;165051.78125
1787030824101;195132.328125;1787030824101;165150.9375
1787030824111;195128.5;1787030824111;165144.546875
1787030824121;195128.5;1787030824121;165144.546875
1787030824131;195128.5;1787030824131;165144.546875
1787030824141;195128.5;1787030824141;165144.546875
1787030824151;195128.5;1787030824151;165144.546875
1787030824161;195128.5;1787030824161;165144.546875
1787030824171;195069.53125;1787030824171;165121.265625
1787030824181;194304.0625;1787030824181;164827.265625
1787030824191;194148.015625;1787030824191;164763.953125
1787030824201;194148.015625;1787030824201;164763.953125
1787030824211;194148.015625;1787030824211;164763.953125
1787030824221;194148.015625;1787030824221;164763.953125
1787030824231;194148.015625;1787030824231;164763.953125
1787030824241;194148.015625;1787030824241;164763.953125
1787030824251;193831.03125;1787030824251;164630.34375
1787030824261;193823.390625;1787030824261;164626.859375
1787030824271;193860.390625;1787030824271;164640.40625
1787030824281;193860.390625;1787030824281;164640.40625
1787030824291;193860.390625;1787030824291;164640.40625
1787030824301;193860.390625;1787030824301;164640.40625
1787030824311;193860.390625;1787030824311;164640.40625
1787030824321;193860.390625;1787030824321;164640.40625
1787030824331;193936.28125;1787030824331;164654.703125
1787030824341;193936.28125;1787030824341;164654.703125
1787030824351;193949.578125;1787030824351;164656.1875
1787030824361;193949.578125;1787030824361;164656.1875
1787030824371;193949.578125;1787030824371;164656.1875
1787030824381;193949.578125;1787030824381;164656.1875
1787030824391;193949.578125;1787030824391;164656.1875
1787030824401;193949.578125;1787030824401;164656.1875
1787030824411;194302.796875;1787030824411;164809.21875
1787030824421;194302.796875;1787030824421;164809.21875
1787030824431;194302.796875;1787030824431;164809.21875
1787030824441;194302.796875;1787030824441;164809.21875
1787030824451;194302.796875;1787030824451;164809.21875
1787030824461;194302.796875;1787030824461;164809.21875
1787030824471;194237.6875;1787030824471;164775.3125
1787030824481;194111.34375;1787030824481;164711.890625
1787030824491;194094.734375;1787030824491;164706.078125
1787030824501;194094.734375;1787030824501;164706.078125
1787030824511;194094.734375;1787030824511;164706.078125
1787030824521;194094.734375;1787030824521;164706.078125
1787030824531;194094.734375;1787030824531;164706.078125
1787030824541;194094.734375;1787030824541;164706.078125
1787030824551;194144.078125;1787030824551;164731.640625
1787030824561;194163.09375;1787030824561;164733.28125
1787030824571;194212.765625;1787030824571;164736.875
1787030824581;194212.765625;1787030824581;164736.875
1787030824591;194212.765625;1787030824591;164736.875
1787030824601;194212.765625;1787030824601;164736.875
1787030824611;194212.765625;1787030824611;164736.875
1787030824621;194212.765625;1787030824621;164736.875
1787030824631;194423.84375;1787030824631;164809.9375
1787030824641;194423.84375;1787030824641;164809.9375
1787030824651;194462.796875;1787030824651;164827.65625
1787030824661;194462.796875;1787030824661;164827.65625
1787030824671;194462.796875;1787030824671;164827.65625
1787030824681;194462.796875;1787030824681;164827.65625
1787030824691;194462.796875;1787030824691;164827.65625
1787030824701;194462.796875;1787030824701;164827.65625
1787030824711;194669.828125;1787030824711;164888.5
1787030824721;194669.828125;1787030824721;164888.5
1787030824731;194669.828125;1787030824731;164888.5
1787030824741;194669.828125;1787030824741;164888.5
1787030824751;194669.828125;1787030824751;164888.5
1787030824761;194669.828125;1787030824761;164888.5
1787030824771;194766.671875;1787030824771;164926.015625
1787030824781;194792.875;1787030824781;164945.28125
1787030824791;194807.9375;1787030824791;164955.59375
1787030824801;194807.9375;1787030824801;164955.59375
1787030824811;194807.9375;1787030824811;164955.59375
1787030824821;194807.9375;1787030824821;164955.59375
1787030824831;194807.9375;1787030824831;164955.59375
1787030824841;194807.9375;1787030824841;164955.59375
1787030824851;194948.296875;1787030824851;164999.625
1787030824861;194971.296875;1787030824861;165003.6875
1787030824871;194991.0625;1787030824871;165007.6875
1787030824881;194991.0625;1787030824881;165007.6875
1787030824891;194991.0625;1787030824891;165007.6875
1787030824901;194991.0625;1787030824901;165007.6875
1787030824911;194991.0625;1787030824911;165007.6875
1787030824921;194991.0625;1787030824921;165007.6875
1787030824931;195069.8125;1787030824931;165027.578125
1787030824941;195112.625;1787030824941;165037.578125
1787030824951;195112.625;1787030824951;165037.578125
1787030824961;195112.625;1787030824961;165037.578125
1787030824971;195112.625;1787030824971;165037.578125
1787030824981;195112.625;1787030824981;165037.578125
1787030824991;195112.625;1787030824991;165037.578125
1787030825001;195185.375;1787030825001;165060.828125
1787030825011;195386.578125;1787030825011;165133.75
1787030825021;195398.640625;1787030825021;165136.28125
1787030825031;195398.640625;1787030825031;165136.28125
1787030825041;195398.640625;1787030825041;165136.28125
1787030825051;195398.640625;1787030825051;165136.28125
1787030825061;195398.640625;1787030825061;165136.28125
1787030825071;195398.640625;1787030825071;165136.28125
1787030825081;194728.515625;1787030825081;164879.765625
1787030825091;194498.484375;1787030825091;164795.828125
1787030825101;194498.484375;1787030825101;164795.828125
1787030825111;194498.484375;1787030825111;164795.828125
1787030825121;194498.484375;1787030825121;164795.828125
1787030825131;194498.484375;1787030825131;164795.828125
1787030825141;194498.484375;1787030825141;164795.828125
1787030825151;193798.484375;1787030825151;164530.3125
1787030825161;193851.703125;1787030825161;164550.65625
1787030825171;193851.703125;1787030825171;164550.65625
1787030825181;193851.703125;1787030825181;164550.65625
1787030825191;193851.703125;1787030825191;164550.65625
1787030825201;193851.703125;1787030825201;164550.65625
1787030825211;193851.703125;1787030825211;164550.65625
1787030825221;193946.03125;1787030825221;164598.890625
1787030825231;194212.0625;1787030825231;164761.28125
1787030825241;194271.1875;1787030825241;164796.796875
1787030825251;194271.1875;1787030825251;164796.796875
1787030825261;194271.1875;1787030825261;164796.796875
1787030825271;194271.1875;1787030825271;164796.796875
1787030825281;194271.1875;1787030825281;164796.796875
1787030825291;194271.1875;1787030825291;164796.796875
1787030825301;194422.78125;1787030825301;164849.4375
1787030825311;194442.8125;1787030825311;164850.84375
1787030825321;194477.03125;1787030825321;164855.59375
1787030825331;194477.03125;1787030825331;164855.59375
1787030825341;194477.03125;1787030825341;164855.59375
1787030825351;194477.03125;1787030825351;164855.59375
1787030825361;194477.03125;1787030825361;164855.59375
1787030825371;194477.03125;1787030825371;164855.59375
1787030825381;194383.703125;1787030825381;164797.71875
1787030825391;194383.703125;1787030825391;164797.71875
1787030825401;194310.921875;1787030825401;164753.921875
1787030825411;194310.921875;1787030825411;164753.921875
1787030825421;194310.921875;1787030825421;164753.921875
1787030825431;194310.921875;1787030825431;164753.921875
1787030825441;194310.921875;1787030825441;164753.921875
1787030825451;194310.921875;1787030825451;164753.921875
1787030825461;194036.234375;1787030825461;164558.5625
1787030825471;194036.234375;1787030825471;164558.5625
1787030825481;194036.234375;1787030825481;164558.5625
1787030825491;194036.234375;1787030825491;164558.5625
1787030825501;194036.234375;1787030825501;164558.5625
1787030825511;194036.234375;1787030825511;164558.5625
1787030825521;194024.859375;1787030825521;164506.125
1787030825531;194071.46875;1787030825531;164505.265625
1787030825541;194117.921875;1787030825541;164507.09375
1787030825551;194117.921875;1787030825551;164507.09375
1787030825561;194117.921875;1787030825561;164507.09375
1787030825571;194117.921875;1787030825571;164507.09375
1787030825581;194117.921875;1787030825581;164507.09375
1787030825591;194117.921875;1787030825591;164507.09375
1787030825601;194246.296875;1787030825601;164541.03125
1787030825611;194246.296875;1787030825611;164541.03125
1787030825621;194297.46875;1787030825621;164560.78125
1787030825631;194297.46875;1787030825631;164560.78125
1787030825641;194297.46875;1787030825641;164560.78125
1787030825651;194297.46875;1787030825651;164560.78125
1787030825661;194297.46875;1787030825661;164560.78125
1787030825671;194297.46875;1787030825671;164560.78125
1787030825681;194425.078125;1787030825681;164598.671875
1787030825691;194425.078125;1787030825691;164598.671875
1787030825701;194437.4375;1787030825701;164598.4375
1787030825711;194437.4375;1787030825711;164598.4375
1787030825721;194437.4375;1787030825721;164598.4375
1787030825731;194437.4375;1787030825731;164598.4375
1787030825741;194437.4375;1787030825741;164598.4375
1787030825751;194437.4375;1787030825751;164598.4375
1787030825761;194556.203125;1787030825761;164625.28125
1787030825771;194556.203125;1787030825771;164625.28125
1787030825781;194556.203125;1787030825781;164625.28125
1787030825791;194556.203125;1787030825791;164625.28125
1787030825801;194556.203125;1787030825801;164625.28125
1787030825811;194556.203125;1787030825811;164625.28125
1787030825821;194681.109375;1787030825821;164674.640625
1787030825831;194776.296875;1787030825831;164706.453125
1787030825841;194837.40625;1787030825841;164729.4375
1787030825851;194837.40625;1787030825851;164729.4375
1787030825861;194837.40625;1787030825861;164729.4375
1787030825871;194837.40625;1787030825871;164729.4375
1787030825881;194837.40625;1787030825881;164729.4375
1787030825891;194837.40625;1787030825891;164729.4375
1787030825901;195108.859375;1787030825901;164822.890625
1787030825911;195108.859375;1787030825911;164822.890625
1787030825921;195176.765625;1787030825921;164844.359375
1787030825931;195176.765625;1787030825931;164844.359375
1787030825941;195176.765625;1787030825941;164844.359375
1787030825951;195176.765625;1787030825951;164844.359375
1787030825961;195176.765625;1787030825961;164844.359375
1787030825971;195176.765625;1787030825971;164844.359375
1787030825981;194835.4375;1787030825981;164716.375
1787030825991;194337.03125;1787030825991;164524.09375
1787030826001;194337.03125;1787030826001;164524.09375
1787030826011;194337.03125;1787030826011;164524.09375
1787030826021;194337.03125;1787030826021;164524.09375
1787030826031;194337.03125;1787030826031;164524.09375
1787030826041;194337.03125;1787030826041;164524.09375
1787030826051;194087.890625;1787030826051;164425.84375
1787030826061;193462.90625;1787030826061;164187.609375
1787030826071;193469.015625;1787030826071;164198.3125
1787030826081;193469.015625;1787030826081;164198.3125
1787030826091;193469.015625;1787030826091;164198.3125
1787030826101;193469.015625;1787030826101;164198.3125
1787030826111;193469.015625;1787030826111;164198.3125
1787030826121;193469.015625;1787030826121;164198.3125
1787030826131;193553.96875;1787030826131;164231.921875
1787030826141;193631.703125;1787030826141;164247.09375
1787030826151;193631.703125;1787030826151;164247.09375
1787030826161;193631.703125;1787030826161;164247.09375
1787030826171;193631.703125;1787030826171;164247.09375
1787030826181;193631.703125;1787030826181;164247.09375
1787030826191;193631.703125;1787030826191;164247.09375
1787030826201;193737.703125;1787030826201;164288.515625
1787030826211;193763.84375;1787030826211;164299.03125
1787030826221;193794.078125;1787030826221;164309.234375
1787030826231;193794.078125;1787030826231;164309.234375
1787030826241;193794.078125;1787030826241;164309.234375
1787030826251;193794.078125;1787030826251;164309.234375
1787030826261;193794.078125;1787030826261;164309.234375
1787030826271;193794.078125;1787030826271;164309.234375
1787030826281;193935.453125;1787030826281;164362.890625
1787030826291;193921.859375;1787030826291;164363.90625
1787030826301;193921.859375;1787030826301;164363.90625
1787030826311;193921.859375;1787030826311;164363.90625
1787030826321;193921.859375;1787030826321;164363.90625
1787030826331;193921.859375;1787030826331;164363.90625
1787030826341;193921.859375;1787030826341;164363.90625
1787030826351;193890.59375;1787030826351;164346.015625
1787030826361;193868.640625;1787030826361;164306.921875
1787030826371;193881.25;1787030826371;164308.171875
1787030826381;193881.25;1787030826381;164308.171875
1787030826391;193881.25;1787030826391;164308.171875
1787030826401;193881.25;1787030826401;164308.171875
1787030826411;193881.25;1787030826411;164308.171875
1787030826421;193881.25;1787030826421;164308.171875
1787030826431;194074.421875;1787030826431;164382.03125
1787030826441;194074.421875;1787030826441;164382.03125
1787030826451;194074.421875;1787030826451;164382.03125
1787030826461;194074.421875;1787030826461;164382.03125
1787030826471;194074.421875;1787030826471;164382.03125
1787030826481;194074.421875;1787030826481;164382.03125
1787030826491;194074.421875;1787030826491;164382.03125
1787030826501;194286.296875;1787030826501;164482.140625
1787030826511;194311.25;1787030826511;164493.765625
1787030826521;194311.25;1787030826521;164493.765625
1787030826531;194311.25;1787030826531;164493.765625
1787030826541;194311.25;1787030826541;164493.765625
1787030826551;194311.25;1787030826551;164493.765625
1787030826561;194311.25;1787030826561;164493.765625
1787030826571;194378.390625;1787030826571;164521.046875
1787030826581;194432.40625;1787030826581;164525.609375
1787030826591;194470.890625;1787030826591;164529.765625
1787030826601;194470.890625;1787030826601;164529.765625
1787030826611;194470.890625;1787030826611;164529.765625
1787030826621;194470.890625;1787030826621;164529.765625
1787030826631;194470.890625;1787030826631;164529.765625
1787030826641;194470.890625;1787030826641;164529.765625
1787030826651;194621.21875;1787030826651;164609.703125
1787030826661;194621.21875;1787030826661;164609.703125
1787030826671;194667.421875;1787030826671;164624.484375
1787030826681;194667.421875;1787030826681;164624.484375
1787030826691;194667.421875;1787030826691;164624.484375
1787030826701;194667.421875;1787030826701;164624.484375
1787030826711;194667.421875;1787030826711;164624.484375
1787030826721;194667.421875;1787030826721;164624.484375
1787030826731;194826.109375;1787030826731;164661.4375
1787030826741;194826.109375;1787030826741;164661.4375
1787030826751;194872.171875;1787030826751;164676.71875
1787030826761;194872.171875;1787030826761;164676.71875
1787030826771;194872.171875;1787030826771;164676.71875
1787030826781;194872.171875;1787030826781;164676.71875
1787030826791;194872.171875;1787030826791;164676.71875
1787030826801;194872.171875;1787030826801;164676.71875
1787030826811;194984.09375;1787030826811;164702.46875
1787030826821;194984.09375;1787030826821;164702.46875
1787030826831;194984.09375;1787030826831;164702.46875
1787030826841;194984.09375;1787030826841;164702.46875
1787030826851;194984.09375;1787030826851;164702.46875
1787030826861;194984.09375;1787030826861;164702.46875
1787030826871;193901.671875;1787030826871;164301.328125
1787030826881;193729.8125;1787030826881;164235.5625
1787030826891;193597.328125;1787030826891;164182.890625
1787030826901;193597.328125;1787030826901;164182.890625
1787030826911;193597.328125;1787030826911;164182.890625
1787030826921;193597.328125;1787030826921;164182.890625
1787030826931;193597.328125;1787030826931;164182.890625
1787030826941;193597.328125;1787030826941;164182.890625
1787030826951;193702.015625;1787030826951;164213.328125
1787030826961;193777.296875;1787030826961;164240.5625
1787030826971;193825.234375;1787030826971;164255.71875
1787030826981;193825.234375;1787030826981;164255.71875
1787030826991;193825.234375;1787030826991;164255.71875
1787030827001;193825.234375;1787030827001;164255.71875
1787030827011;193825.234375;1787030827011;164255.71875
1787030827021;193825.234375;1787030827021;164255.71875
1787030827031;193723.4375;1787030827031;164201.375
1787030827041;193787.578125;1787030827041;164228.96875
1787030827051;193787.578125;1787030827051;164228.96875
1787030827061;193787.578125;1787030827061;164228.96875
1787030827071;193787.578125;1787030827071;164228.96875
1787030827081;193787.578125;1787030827081;164228.96875
1787030827091;193787.578125;1787030827091;164228.96875
1787030827101;193883.71875;1787030827101;164266.5625
1787030827111;193957.953125;1787030827111;164289.546875
1787030827121;193931.78125;1787030827121;164274.890625
1787030827131;193931.78125;1787030827131;164274.890625
1787030827141;193931.78125;1787030827141;164274.890625
1787030827151;193931.78125;1787030827151;164274.890625
1787030827161;193931.78125;1787030827161;164274.890625
1787030827171;193931.78125;1787030827171;164274.890625
1787030827181;193867.125;1787030827181;164237.859375
1787030827191;193870.359375;1787030827191;164237
1787030827201;193870.359375;1787030827201;164237
1787030827211;193870.359375;1787030827211;164237
1787030827221;193870.359375;1787030827221;164237
1787030827231;193870.359375;1787030827231;164237
1787030827241;193870.359375;1787030827241;164237
1787030827251;194001.890625;1787030827251;164296.65625
1787030827261;194063.703125;1787030827261;164327.375
1787030827271;194063.703125;1787030827271;164327.375
1787030827281;194063.703125;1787030827281;164327.375
1787030827291;194063.703125;1787030827291;164327.375
1787030827301;194063.703125;1787030827301;164327.375
1787030827311;194063.703125;1787030827311;164327.375
1787030827321;194096.15625;1787030827321;164340.5625
1787030827331;194273.9375;1787030827331;164383.15625
1787030827341;194307.03125;1787030827341;164391.03125
1787030827351;194307.03125;1787030827351;164391.03125
1787030827361;194307.03125;1787030827361;164391.03125
1787030827371;194307.03125;1787030827371;164391.03125
1787030827381;194307.03125;1787030827381;164391.03125
1787030827391;194307.03125;1787030827391;164391.03125
1787030827401;194425.0625;1787030827401;164428.359375
1787030827411;194443.046875;1787030827411;164433.78125
1787030827421;194480.1875;1787030827421;164445.28125
1787030827431;194480.1875;1787030827431;164445.28125
1787030827441;194480.1875;1787030827441;164445.28125
1787030827451;194480.1875;1787030827451;164445.28125
1787030827461;194480.1875;1787030827461;164445.28125
1787030827471;194480.1875;1787030827471;164445.28125
1787030827481;194626.3125;1787030827481;164494.171875
1787030827491;194626.3125;1787030827491;164494.171875
1787030827501;194690.015625;1787030827501;164511.125
1787030827511;194690.015625;1787030827511;164511.125
1787030827521;194690.015625;1787030827521;164511.125
1787030827531;194690.015625;1787030827531;164511.125
1787030827541;194690.015625;1787030827541;164511.125
1787030827551;194690.015625;1787030827551;164511.125
1787030827561;194861.203125;1787030827561;164567.390625
1787030827571;194861.203125;1787030827571;164567.390625
1787030827581;194861.203125;1787030827581;164567.390625
1787030827591;194861.203125;1787030827591;164567.390625
1787030827601;194861.203125;1787030827601;164567.390625
1787030827611;194861.203125;1787030827611;164567.390625
1787030827621;194549.546875;1787030827621;164382.28125
1787030827631;193935.75;1787030827631;164221.875
1787030827641;193588.28125;1787030827641;164086.171875
1787030827651;193588.28125;1787030827651;164086.171875
1787030827661;193588.28125;1787030827661;164086.171875
1787030827671;193588.28125;1787030827671;164086.171875
1787030827681;193588.28125;1787030827681;164086.171875
1787030827691;193588.28125;1787030827691;164086.171875
1787030827701;193409.3125;1787030827701;164009.21875
1787030827711;193409.3125;1787030827711;164009.21875
1787030827721;193484.140625;1787030827721;164037.375
1787030827731;193484.140625;1787030827731;164037.375
1787030827741;193484.140625;1787030827741;164037.375
1787030827751;193484.140625;1787030827751;164037.375
1787030827761;193484.140625;1787030827761;164037.375
1787030827771;193484.140625;1787030827771;164037.375
1787030827781;193587.703125;1787030827781;164063.359375
1787030827791;193587.703125;1787030827791;164063.359375
1787030827801;193599.40625;1787030827801;164064.65625
1787030827811;193599.40625;1787030827811;164064.65625
1787030827821;193599.40625;1787030827821;164064.65625
1787030827831;193599.40625;1787030827831;164064.65625
1787030827841;193599.40625;1787030827841;164064.65625
1787030827851;193599.40625;1787030827851;164064.65625
1787030827861;193791.140625;1787030827861;164139.796875
1787030827871;193791.140625;1787030827871;164139.796875
1787030827881;193791.140625;1787030827881;164139.796875
1787030827891;193791.140625;1787030827891;164139.796875
1787030827901;193791.140625;1787030827901;164139.796875
1787030827911;193791.140625;1787030827911;164139.796875
1787030827921;193801.96875;1787030827921;164134.515625
1787030827931;193786.546875;1787030827931;164127.21875
1787030827941;193766.84375;1787030827941;164117.640625
1787030827951;193766.84375;1787030827951;164117.640625
1787030827961;193766.84375;1787030827961;164117.640625
1787030827971;193766.84375;1787030827971;164117.640625
1787030827981;193766.84375;1787030827981;164117.640625
1787030827991;193766.84375;1787030827991;164117.640625
1787030828001;193862.390625;1787030828001;164159.0625
1787030828011;193862.390625;1787030828011;164159.0625
1787030828021;193890.078125;1787030828021;164168.671875
1787030828031;193890.078125;1787030828031;164168.671875
1787030828041;193890.078125;1787030828041;164168.671875
1787030828051;193890.078125;1787030828051;164168.671875
1787030828061;193890.078125;1787030828061;164168.671875
1787030828071;193890.078125;1787030828071;164168.671875
1787030828081;193965.015625;1787030828081;164192.328125
1787030828091;194017.171875;1787030828091;164212.078125
1787030828101;194017.171875;1787030828101;164212.078125
1787030828111;194017.171875;1787030828111;164212.078125
1787030828121;194017.171875;1787030828121;164212.078125
1787030828131;194017.171875;1787030828131;164212.078125
1787030828141;194017.171875;1787030828141;164212.078125
1787030828151;194103.578125;1787030828151;164240.28125
1787030828161;194236.765625;1787030828161;164278.8125
1787030828171;194270.296875;1787030828171;164290.25
1787030828181;194270.296875;1787030828181;164290.25
1787030828191;194270.296875;1787030828191;164290.25
1787030828201;194270.296875;1787030828201;164290.25
1787030828211;194270.296875;1787030828211;164290.25
1787030828221;194270.296875;1787030828221;164290.25
1787030828231;194389.03125;1787030828231;164325.90625
1787030828241;194422.484375;1787030828241;164335.265625
1787030828251;194422.484375;1787030828251;164335.265625
1787030828261;194422.484375;1787030828261;164335.265625
1787030828271;194422.484375;1787030828271;164335.265625
1787030828281;194422.484375;1787030828281;164335.265625
1787030828291;194422.484375;1787030828291;164335.265625
1787030828301;194507.0625;1787030828301;164377.1875
1787030828311;194547.734375;1787030828311;164390.375
1787030828321;194547.734375;1787030828321;164390.375
1787030828331;194547.734375;1787030828331;164390.375
1787030828341;194547.734375;1787030828341;164390.375
1787030828351;194547.734375;1787030828351;164390.375
1787030828361;194547.734375;1787030828361;164390.375
1787030828371;194572.140625;1787030828371;164396.234375
1787030828381;194115.4375;1787030828381;164217.984375
1787030828391;193700.25;1787030828391;164058.65625
1787030828401;193700.25;1787030828401;164058.65625
1787030828411;193700.25;1787030828411;164058.65625
1787030828421;193700.25;1787030828421;164058.65625
1787030828431;193700.25;1787030828431;164058.65625
1787030828441;193700.25;1787030828441;164058.65625
1787030828451;193382.328125;1787030828451;163927.046875
1787030828461;193405.9375;1787030828461;163932.109375
1787030828471;193403.421875;1787030828471;163929.390625
1787030828481;193403.421875;1787030828481;163929.390625
1787030828491;193403.421875;1787030828491;163929.390625
1787030828501;193403.421875;1787030828501;163929.390625
1787030828511;193403.421875;1787030828511;163929.390625
1787030828521;193403.421875;1787030828521;163929.390625
1787030828531;193306.03125;1787030828531;163889.8125
1787030828541;193306.03125;1787030828541;163889.8125
1787030828551;193337.5;1787030828551;163901.359375
1787030828561;193337.5;1787030828561;163901.359375
1787030828571;193337.5;1787030828571;163901.359375
1787030828581;193337.5;1787030828581;163901.359375
1787030828591;193337.5;1787030828591;163901.359375
1787030828601;193337.5;1787030828601;163901.359375
1787030828611;193479.21875;1787030828611;163945.234375
1787030828621;193479.21875;1787030828621;163945.234375
1787030828631;193479.21875;1787030828631;163945.234375
1787030828641;193479.21875;1787030828641;163945.234375
1787030828651;193479.21875;1787030828651;163945.234375
1787030828661;193479.21875;1787030828661;163945.234375
1787030828671;193560.28125;1787030828671;163980.40625
1787030828681;193584;1787030828681;163985.53125
1787030828691;193574.609375;1787030828691;163979.515625
1787030828701;193574.609375;1787030828701;163979.515625
1787030828711;193574.609375;1787030828711;163979.515625
1787030828721;193574.609375;1787030828721;163979.515625
1787030828731;193574.609375;1787030828731;163979.515625
1787030828741;193574.609375;1787030828741;163979.515625
1787030828751;193629.65625;1787030828751;163979.34375
1787030828761;193629.65625;1787030828761;163979.34375
1787030828771;193683.390625;1787030828771;164002.78125
1787030828781;193683.390625;1787030828781;164002.78125
1787030828791;193683.390625;1787030828791;164002.78125
1787030828801;193683.390625;1787030828801;164002.78125
1787030828811;193683.390625;1787030828811;164002.78125
1787030828821;193683.390625;1787030828821;164002.78125
1787030828831;193791.25;1787030828831;164050.296875
1787030828841;193791.25;1787030828841;164050.296875
1787030828851;193919.5;1787030828851;164092.078125
1787030828861;193919.5;1787030828861;164092.078125
1787030828871;193919.5;1787030828871;164092.078125
1787030828881;193919.5;1787030828881;164092.078125
1787030828891;193919.5;1787030828891;164092.078125
1787030828901;193919.5;1787030828901;164092.078125
1787030828911;194235.078125;1787030828911;164200.84375
1787030828921;194235.078125;1787030828921;164200.84375
1787030828931;194235.078125;1787030828931;164200.84375
1787030828941;194235.078125;1787030828941;164200.84375
1787030828951;194235.078125;1787030828951;164200.84375
1787030828961;194235.078125;1787030828961;164200.84375
1787030828971;194381.953125;1787030828971;164259.9375
1787030828981;194417.953125;1787030828981;164275.921875
1787030828991;194481.796875;1787030828991;164303.203125
1787030829001;194481.796875;1787030829001;164303.203125
1787030829011;194481.796875;1787030829011;164303.203125
1787030829021;194481.796875;1787030829021;164303.203125
1787030829031;194481.796875;1787030829031;164303.203125
1787030829041;194481.796875;1787030829041;164303.203125
1787030829051;194558.28125;1787030829051;164320.359375
1787030829061;194558.28125;1787030829061;164320.359375
1787030829071;194574.359375;1787030829071;164324.140625
1787030829081;194574.359375;1787030829081;164324.140625
1787030829091;194574.359375;1787030829091;164324.140625
1787030829101;194574.359375;1787030829101;164324.140625
1787030829111;194574.359375;1787030829111;164324.140625
1787030829121;194574.359375;1787030829121;164324.140625
1787030829131;194807.78125;1787030829131;164395.484375
1787030829141;194750.671875;1787030829141;164373.796875
1787030829151;194750.671875;1787030829151;164373.796875
1787030829161;194750.671875;1787030829161;164373.796875
1787030829171;194750.671875;1787030829171;164373.796875
1787030829181;194750.671875;1787030829181;164373.796875
1787030829191;194750.671875;1787030829191;164373.796875
1787030829201;194750.671875;1787030829201;164373.796875
1787030829211;193642.703125;1787030829211;163970.109375
1787030829221;193330.9375;1787030829221;163849.5
1787030829231;193330.9375;1787030829231;163849.5
1787030829241;193330.9375;1787030829241;163849.5
1787030829251;193330.9375;1787030829251;163849.5
1787030829261;193330.9375;1787030829261;163849.5
1787030829271;193330.9375;1787030829271;163849.5
1787030829281;193184.9375;1787030829281;163788.875
1787030829291;193191.203125;1787030829291;163786.390625
1787030829301;193191.203125;1787030829301;163786.390625
1787030829311;193191.203125;1787030829311;163786.390625
1787030829321;193191.203125;1787030829321;163786.390625
1787030829331;193191.203125;1787030829331;163786.390625
1787030829341;193191.203125;1787030829341;163786.390625
1787030829351;193313.53125;1787030829351;163846.171875
1787030829361;193313.53125;1787030829361;163846.171875
1787030829371;193324.875;1787030829371;163849.34375
1787030829381;193324.875;1787030829381;163849.34375
1787030829391;193324.875;1787030829391;163849.34375
1787030829401;193324.875;1787030829401;163849.34375
1787030829411;193324.875;1787030829411;163849.34375
1787030829421;193324.875;1787030829421;163849.34375
1787030829431;193452.96875;1787030829431;163858.0625
1787030829441;193500.796875;1787030829441;163873.265625
1787030829451;193500.796875;1787030829451;163873.265625
1787030829461;193500.796875;1787030829461;163873.265625
1787030829471;193500.796875;1787030829471;163873.265625
1787030829481;193500.796875;1787030829481;163873.265625
1787030829491;193500.796875;1787030829491;163873.265625
1787030829501;193512.046875;1787030829501;163877.890625
1787030829511;193482.6875;1787030829511;163869.25
1787030829521;193482.5625;1787030829521;163865.796875
1787030829531;193482.5625;1787030829531;163865.796875
1787030829541;193482.5625;1787030829541;163865.796875
1787030829551;193482.5625;1787030829551;163865.796875
1787030829561;193482.5625;1787030829561;163865.796875
1787030829571;193482.5625;1787030829571;163865.796875
1787030829581;193537.59375;1787030829581;163878.609375
1787030829591;193579.640625;1787030829591;163897.5625
1787030829601;193579.640625;1787030829601;163897.5625
1787030829611;193579.640625;1787030829611;163897.5625
1787030829621;193579.640625;1787030829621;163897.5625
1787030829631;193579.640625;1787030829631;163897.5625
1787030829641;193579.640625;1787030829641;163897.5625
1787030829651;193723.125;1787030829651;163948.609375
1787030829661;193723.125;1787030829661;163948.609375
1787030829671;193773.765625;1787030829671;163964.53125
1787030829681;193773.765625;1787030829681;163964.53125
1787030829691;193773.765625;1787030829691;163964.53125
1787030829701;193773.765625;1787030829701;163964.53125
1787030829711;193773.765625;1787030829711;163964.53125
1787030829721;193773.765625;1787030829721;163964.53125
1787030829731;193911.453125;1787030829731;164009.5
1787030829741;193926.59375;1787030829741;164013.4375
1787030829751;193939.71875;1787030829751;164016.0625
1787030829761;193939.71875;1787030829761;164016.0625
1787030829771;193939.71875;1787030829771;164016.0625
1787030829781;193939.71875;1787030829781;164016.0625
1787030829791;193939.71875;1787030829791;164016.0625
1787030829801;193939.71875;1787030829801;164016.0625
1787030829811;193998.65625;1787030829811;164025.0625
1787030829821;194017.046875;1787030829821;164032.96875
1787030829831;194017.046875;1787030829831;164032.96875
1787030829841;194017.046875;1787030829841;164032.96875
1787030829851;194017.046875;1787030829851;164032.96875
1787030829861;194017.046875;1787030829861;164032.96875
1787030829871;194017.046875;1787030829871;164032.96875
1787030829881;194150.703125;1787030829881;164088.078125
1787030829891;194175.734375;1787030829891;164094.296875
1787030829901;194175.734375;1787030829901;164094.296875
1787030829911;194175.734375;1787030829911;164094.296875
1787030829921;194175.734375;1787030829921;164094.296875
1787030829931;194175.734375;1787030829931;164094.296875
1787030829941;194175.734375;1787030829941;164094.296875
1787030829951;193316.765625;1787030829951;163747.828125
1787030829961;193159.71875;1787030829961;163687.421875
1787030829971;193159.71875;1787030829971;163687.421875
1787030829981;193159.71875;1787030829981;163687.421875
1787030829991;193159.71875;1787030829991;163687.421875
1787030830001;193159.71875;1787030830001;163687.421875
1787030830011;193159.71875;1787030830011;163687.421875
1787030830021;193034.25;1787030830021;163638.078125
1787030830031;193026.5;1787030830031;163620.8125
1787030830041;193111.1875;1787030830041;163649.921875
1787030830051;193111.1875;1787030830051;163649.921875
1787030830061;193111.1875;1787030830061;163649.921875
1787030830071;193111.1875;1787030830071;163649.921875
1787030830081;193111.1875;1787030830081;163649.921875
1787030830091;193111.1875;1787030830091;163649.921875
1787030830101;193006.875;1787030830101;163584.125
1787030830111;192953.046875;1787030830111;163548.71875
1787030830121;192967.625;1787030830121;163548.109375
1787030830131;192967.625;1787030830131;163548.109375
1787030830141;192967.625;1787030830141;163548.109375
1787030830151;192967.625;1787030830151;163548.109375
1787030830161;192967.625;1787030830161;163548.109375
1787030830171;192967.625;1787030830171;163548.109375
1787030830181;193120.1875;1787030830181;163622.6875
1787030830191;193120.1875;1787030830191;163622.6875
1787030830201;193127.53125;1787030830201;163625.921875
1787030830211;193127.53125;1787030830211;163625.921875
1787030830221;193127.53125;1787030830221;163625.921875
1787030830231;193127.53125;1787030830231;163625.921875
1787030830241;193127.53125;1787030830241;163625.921875
1787030830251;193127.53125;1787030830251;163625.921875
1787030830261;193059.171875;1787030830261;163561.0625
1787030830271;193059.171875;1787030830271;163561.0625
1787030830281;193059.171875;1787030830281;163561.0625
1787030830291;193059.171875;1787030830291;163561.0625
1787030830301;193059.171875;1787030830301;163561.0625
1787030830311;193059.171875;1787030830311;163561.0625
1787030830321;193052.765625;1787030830321;163559.609375
1787030830331;193106.5625;1787030830331;163575.0625
1787030830341;193158.015625;1787030830341;163591.640625
1787030830351;193158.015625;1787030830351;163591.640625
1787030830361;193158.015625;1787030830361;163591.640625
1787030830371;193158.015625;1787030830371;163591.640625
1787030830381;193158.015625;1787030830381;163591.640625
1787030830391;193158.015625;1787030830391;163591.640625
1787030830401;193320.28125;1787030830401;163664.734375
1787030830411;193320.28125;1787030830411;163664.734375
1787030830421;193342.6875;1787030830421;163673.109375
1787030830431;193342.6875;1787030830431;163673.109375
1787030830441;193342.6875;1787030830441;163673.109375
1787030830451;193342.6875;1787030830451;163673.109375
1787030830461;193342.6875;1787030830461;163673.109375
1787030830471;193342.6875;1787030830471;163673.109375
1787030830481;193452.46875;1787030830481;163699.28125
1787030830491;193485.765625;1787030830491;163704.546875
1787030830501;193485.765625;1787030830501;163704.546875
1787030830511;193485.765625;1787030830511;163704.546875
1787030830521;193485.765625;1787030830521;163704.546875
1787030830531;193485.765625;1787030830531;163704.546875
1787030830541;193485.765625;1787030830541;163704.546875
1787030830551;193485.765625;1787030830551;163704.546875
1787030830561;193538.34375;1787030830561;163700.015625
1787030830571;193577.140625;1787030830571;163710.09375
1787030830581;193577.140625;1787030830581;163710.09375
1787030830591;193577.140625;1787030830591;163710.09375
1787030830601;193577.140625;1787030830601;163710.09375
1787030830611;193577.140625;1787030830611;163710.09375
1787030830621;193577.140625;1787030830621;163710.09375
1787030830631;193673.09375;1787030830631;163745.515625
1787030830641;193747.03125;1787030830641;163769.359375
1787030830651;193747.03125;1787030830651;163769.359375
1787030830661;193747.03125;1787030830661;163769.359375
1787030830671;193747.03125;1787030830671;163769.359375
1787030830681;193747.03125;1787030830681;163769.359375
1787030830691;193747.03125;1787030830691;163769.359375
1787030830701;193329;1787030830701;163605.140625
1787030830711;193329;1787030830711;163605.140625
1787030830721;193089.359375;1787030830721;163511.375
1787030830731;193089.359375;1787030830731;163511.375
1787030830741;193089.359375;1787030830741;163511.375
1787030830751;193089.359375;1787030830751;163511.375
1787030830761;193089.359375;1787030830761;163511.375
1787030830771;193089.359375;1787030830771;163511.375
1787030830781;192848.546875;1787030830781;163403.703125
1787030830791;192876.15625;1787030830791;163412.9375
1787030830801;192876.15625;1787030830801;163412.9375
1787030830811;192876.15625;1787030830811;163412.9375
1787030830821;192876.15625;1787030830821;163412.9375
1787030830831;192876.15625;1787030830831;163412.9375
1787030830841;192876.15625;1787030830841;163412.9375
1787030830851;192892.78125;1787030830851;163425.421875
1787030830861;192929.9375;1787030830861;163424.40625
1787030830871;192927.875;1787030830871;163418.734375
1787030830881;192927.875;1787030830881;163418.734375
1787030830891;192927.875;1787030830891;163418.734375
1787030830901;192927.875;1787030830901;163418.734375
1787030830911;192927.875;1787030830911;163418.734375
1787030830921;192927.875;1787030830921;163418.734375
1787030830931;192992.75;1787030830931;163424
1787030830941;193019.640625;1787030830941;163432.828125
1787030830951;193019.640625;1787030830951;163432.828125
1787030830961;193019.640625;1787030830961;163432.828125
1787030830971;193019.640625;1787030830971;163432.828125
1787030830981;193019.640625;1787030830981;163432.828125
1787030830991;193019.640625;1787030830991;163432.828125
1787030831001;193076.890625;1787030831001;163441.078125
1787030831011;193071.109375;1787030831011;163434.203125
1787030831021;193071.109375;1787030831021;163434.203125
1787030831031;193071.109375;1787030831031;163434.203125
1787030831041;193071.109375;1787030831041;163434.203125
1787030831051;193071.109375;1787030831051;163434.203125
1787030831061;193071.109375;1787030831061;163434.203125
1787030831071;193055.828125;1787030831071;163419.171875
1787030831081;193070.90625;1787030831081;163422.578125
1787030831091;193110.40625;1787030831091;163436.53125
1787030831101;193110.40625;1787030831101;163436.53125
1787030831111;193110.40625;1787030831111;163436.53125
1787030831121;193110.40625;1787030831121;163436.53125
1787030831131;193110.40625;1787030831131;163436.53125
1787030831141;193110.40625;1787030831141;163436.53125
1787030831151;193232.515625;1787030831151;163476.703125
1787030831161;193248.6875;1787030831161;163480.578125
1787030831171;193275.421875;1787030831171;163486.40625
1787030831181;193275.421875;1787030831181;163486.40625
1787030831191;193275.421875;1787030831191;163486.40625
1787030831201;193275.421875;1787030831201;163486.40625
1787030831211;193275.421875;1787030831211;163486.40625
1787030831221;193275.421875;1787030831221;163486.40625
1787030831231;193399.484375;1787030831231;163512.671875
1787030831241;193399.484375;1787030831241;163512.671875
1787030831251;193424.078125;1787030831251;163518.0625
1787030831261;193424.078125;1787030831261;163518.0625
1787030831271;193424.078125;1787030831271;163518.0625
1787030831281;193424.078125;1787030831281;163518.0625
1787030831291;193424.078125;1787030831291;163518.0625
1787030831301;193424.078125;1787030831301;163518.0625
1787030831311;193413.234375;1787030831311;163523.625
1787030831321;193413.234375;1787030831321;163523.625
1787030831331;193413.234375;1787030831331;163523.625
1787030831341;193413.234375;1787030831341;163523.625
1787030831351;193413.234375;1787030831351;163523.625
1787030831361;193413.234375;1787030831361;163523.625
1787030831371;193551.171875;1787030831371;163566.390625
1787030831381;193613.5;1787030831381;163591.953125
1787030831391;193648.84375;1787030831391;163610.796875
1787030831401;193648.84375;1787030831401;163610.796875
1787030831411;193648.84375;1787030831411;163610.796875
1787030831421;193648.84375;1787030831421;163610.796875
1787030831431;193648.84375;1787030831431;163610.796875
1787030831441;193648.84375;1787030831441;163610.796875
1787030831451;193760.390625;1787030831451;163642.828125
1787030831461;193760.390625;1787030831461;163642.828125
1787030831471;193784.140625;1787030831471;163648.3125
1787030831481;193784.140625;1787030831481;163648.3125
1787030831491;193784.140625;1787030831491;163648.3125
1787030831501;193784.140625;1787030831501;163648.3125
1787030831511;193784.140625;1787030831511;163648.3125
1787030831521;193784.140625;1787030831521;163648.3125
1787030831531;193756.953125;1787030831531;163614.84375
1787030831541;193579.8125;1787030831541;163541.203125
1787030831551;193579.8125;1787030831551;163541.203125
1787030831561;193579.8125;1787030831561;163541.203125
1787030831571;193579.8125;1787030831571;163541.203125
1787030831581;193579.8125;1787030831581;163541.203125
1787030831591;193579.8125;1787030831591;163541.203125
1787030831601;193351.625;1787030831601;163452.40625
1787030831611;193034.71875;1787030831611;163329.90625
1787030831621;193003.25;1787030831621;163312.859375
1787030831631;193003.25;1787030831631;163312.859375
1787030831641;193003.25;1787030831641;163312.859375
1787030831651;193003.25;1787030831651;163312.859375
1787030831661;193003.25;1787030831661;163312.859375
1787030831671;193003.25;1787030831671;163312.859375
1787030831681;193045.171875;1787030831681;163315.9375
1787030831691;193080.609375;1787030831691;163318.75
1787030831701;193080.609375;1787030831701;163318.75
1787030831711;193080.609375;1787030831711;163318.75
1787030831721;193080.609375;1787030831721;163318.75
1787030831731;193080.609375;1787030831731;163318.75
1787030831741;193080.609375;1787030831741;163318.75
1787030831751;193093.828125;1787030831751;163299.859375
1787030831761;193106.078125;1787030831761;163297.171875
1787030831771;193119.78125;1787030831771;163295.4375
1787030831781;193119.78125;1787030831781;163295.4375
1787030831791;193119.78125;1787030831791;163295.4375
1787030831801;193119.78125;1787030831801;163295.4375
1787030831811;193119.78125;1787030831811;163295.4375
1787030831821;193119.78125;1787030831821;163295.4375
1787030831831;193175.734375;1787030831831;163302.71875
1787030831841;193177.71875;1787030831841;163300.328125
1787030831851;193177.71875;1787030831851;163300.328125
1787030831861;193177.71875;1787030831861;163300.328125
1787030831871;193177.71875;1787030831871;163300.328125
1787030831881;193177.71875;1787030831881;163300.328125
1787030831891;193177.71875;1787030831891;163300.328125
1787030831901;193173.21875;1787030831901;163293.96875
1787030831911;193165.84375;1787030831911;163286.46875
1787030831921;193171.515625;1787030831921;163287.03125
1787030831931;193171.515625;1787030831931;163287.03125
1787030831941;193171.515625;1787030831941;163287.03125
1787030831951;193171.515625;1787030831951;163287.03125
1787030831961;193171.515625;1787030831961;163287.03125
1787030831971;193171.515625;1787030831971;163287.03125
1787030831981;193264.171875;1787030831981;163300.515625
1787030831991;193286.015625;1787030831991;163305.984375
1787030832001;193286.015625;1787030832001;163305.984375
1787030832011;193286.015625;1787030832011;163305.984375
1787030832021;193286.015625;1787030832021;163305.984375
1787030832031;193286.015625;1787030832031;163305.984375
1787030832041;193286.015625;1787030832041;163305.984375
1787030832051;193435.0625;1787030832051;163356.203125
1787030832061;193456.609375;1787030832061;163362.484375
1787030832071;193456.609375;1787030832071;163362.484375
1787030832081;193456.609375;1787030832081;163362.484375
1787030832091;193456.609375;1787030832091;163362.484375
1787030832101;193456.609375;1787030832101;163362.484375
1787030832111;193456.609375;1787030832111;163362.484375
1787030832121;193504.90625;1787030832121;163376.515625
1787030832131;193542.8125;1787030832131;163385.859375
1787030832141;193570.9375;1787030832141;163393.25
1787030832151;193570.9375;1787030832151;163393.25
1787030832161;193570.9375;1787030832161;163393.25
1787030832171;193570.9375;1787030832171;163393.25
1787030832181;193570.9375;1787030832181;163393.25
1787030832191;193570.9375;1787030832191;163393.25
1787030832201;193650.296875;1787030832201;163417.4375
1787030832211;193667.90625;1787030832211;163422.796875
1787030832221;193702.46875;1787030832221;163434.125
1787030832231;193702.46875;1787030832231;163434.125
1787030832241;193702.46875;1787030832241;163434.125
1787030832251;193702.46875;1787030832251;163434.125
1787030832261;193702.46875;1787030832261;163434.125
1787030832271;193702.46875;1787030832271;163434.125
1787030832281;193815.3125;1787030832281;163459.140625
1787030832291;193815.3125;1787030832291;163459.140625
1787030832301;193837.84375;1787030832301;163463.921875
1787030832311;193837.84375;1787030832311;163463.921875
1787030832321;193837.84375;1787030832321;163463.921875
1787030832331;193837.84375;1787030832331;163463.921875
1787030832341;193837.84375;1787030832341;163463.921875
1787030832351;193837.84375;1787030832351;163463.921875
1787030832361;193977.296875;1787030832361;163518.8125
1787030832371;193977.296875;1787030832371;163518.8125
1787030832381;193977.296875;1787030832381;163518.8125
1787030832391;193977.296875;1787030832391;163518.8125
1787030832401;193977.296875;1787030832401;163518.8125
1787030832411;193977.296875;1787030832411;163518.8125
1787030832421;193844.828125;1787030832421;163453.46875
1787030832431;193664.640625;1787030832431;163382.546875
1787030832441;193493.8125;1787030832441;163318.1875
1787030832451;193493.8125;1787030832451;163318.1875
1787030832461;193493.8125;1787030832461;163318.1875
1787030832471;193493.8125;1787030832471;163318.1875
1787030832481;193493.8125;1787030832481;163318.1875
1787030832491;193493.8125;1787030832491;163318.1875
1787030832501;193370.8125;1787030832501;163267.5625
1787030832511;193370.8125;1787030832511;163267.5625
1787030832521;193383.78125;1787030832521;163266.96875
1787030832531;193383.78125;1787030832531;163266.96875
1787030832541;193383.78125;1787030832541;163266.96875
1787030832551;193383.78125;1787030832551;163266.96875
1787030832561;193383.78125;1787030832561;163266.96875
1787030832571;193383.78125;1787030832571;163266.96875
1787030832581;193420.8125;1787030832581;163248.078125
1787030832591;193431.125;1787030832591;163248.984375
1787030832601;193431.125;1787030832601;163248.984375
1787030832611;193431.125;1787030832611;163248.984375
1787030832621;193431.125;1787030832621;163248.984375
1787030832631;193431.125;1787030832631;163248.984375
1787030832641;193431.125;1787030832641;163248.984375
1787030832651;193466.78125;1787030832651;163262.96875
1787030832661;193571.921875;1787030832661;163305.921875
1787030832671;193595.703125;1787030832671;163314.640625
1787030832681;193595.703125;1787030832681;163314.640625
1787030832691;193595.703125;1787030832691;163314.640625
1787030832701;193595.703125;1787030832701;163314.640625
1787030832711;193595.703125;1787030832711;163314.640625
1787030832721;193595.703125;1787030832721;163314.640625
1787030832731;193584.359375;1787030832731;163306.625
1787030832741;193572.046875;1787030832741;163298
1787030832751;193572.046875;1787030832751;163298
1787030832761;193572.046875;1787030832761;163298
1787030832771;193572.046875;1787030832771;163298
1787030832781;193572.046875;1787030832781;163298
1787030832791;193572.046875;1787030832791;163298
1787030832801;193590.96875;1787030832801;163284.640625
1787030832811;193628.90625;1787030832811;163296.8125
1787030832821;193628.90625;1787030832821;163296.8125
1787030832831;193628.90625;1787030832831;163296.8125
1787030832841;193628.90625;1787030832841;163296.8125
1787030832851;193628.90625;1787030832851;163296.8125
1787030832861;193628.90625;1787030832861;163296.8125
1787030832871;193650.3125;1787030832871;163304.734375
1787030832881;193742.75;1787030832881;163330.34375
1787030832891;193772.5;1787030832891;163334.34375
1787030832901;193772.5;1787030832901;163334.34375
1787030832911;193772.5;1787030832911;163334.34375
1787030832921;193772.5;1787030832921;163334.34375
1787030832931;193772.5;1787030832931;163334.34375
1787030832941;193772.5;1787030832941;163334.34375
1787030832951;193818.890625;1787030832951;163343.109375
1787030832961;193866.0625;1787030832961;163353.734375
1787030832971;193880.25;1787030832971;163357.546875
1787030832981;193880.25;1787030832981;163357.546875
1787030832991;193880.25;1787030832991;163357.546875
1787030833001;193880.25;1787030833001;163357.546875
1787030833011;193880.25;1787030833011;163357.546875
1787030833021;193880.25;1787030833021;163357.546875
1787030833031;193942.078125;1787030833031;163391.6875
1787030833041;193942.078125;1787030833041;163391.6875
1787030833051;193970.765625;1787030833051;163403.5625
1787030833061;193970.765625;1787030833061;163403.5625
1787030833071;193970.765625;1787030833071;163403.5625
1787030833081;193970.765625;1787030833081;163403.5625
1787030833091;193970.765625;1787030833091;163403.5625
1787030833101;193970.765625;1787030833101;163403.5625
1787030833111;194068.359375;1787030833111;163416.015625
1787030833121;194068.359375;1787030833121;163416.015625
1787030833131;194068.359375;1787030833131;163416.015625
1787030833141;194068.359375;1787030833141;163416.015625
1787030833151;194068.359375;1787030833151;163416.015625
1787030833161;194068.359375;1787030833161;163416.015625
1787030833171;194123.71875;1787030833171;163438.265625
1787030833181;194176.25;1787030833181;163458.46875
1787030833191;194141.15625;1787030833191;163439.296875
1787030833201;194141.15625;1787030833201;163439.296875
1787030833211;194141.15625;1787030833211;163439.296875
1787030833221;194141.15625;1787030833221;163439.296875
1787030833231;194141.15625;1787030833231;163439.296875
1787030833241;194141.15625;1787030833241;163439.296875
1787030833251;193794.453125;1787030833251;163300.296875
1787030833261;193732.734375;1787030833261;163280.875
1787030833271;193649.25;1787030833271;163261
1787030833281;193649.25;1787030833281;163261
1787030833291;193649.25;1787030833291;163261
1787030833301;193649.25;1787030833301;163261
1787030833311;193649.25;1787030833311;163261
1787030833321;193649.25;1787030833321;163261
1787030833331;193613.15625;1787030833331;163242.453125
1787030833341;193613.15625;1787030833341;163242.453125
1787030833351;193642.140625;1787030833351;163239.71875
1787030833361;193642.140625;1787030833361;163239.71875
1787030833371;193642.140625;1787030833371;163239.71875
1787030833381;193642.140625;1787030833381;163239.71875
1787030833391;193642.140625;1787030833391;163239.71875
1787030833401;193642.140625;1787030833401;163239.71875
1787030833411;193762.234375;1787030833411;163282.265625
1787030833421;193762.234375;1787030833421;163282.265625
1787030833431;193762.234375;1787030833431;163282.265625
1787030833441;193762.234375;1787030833441;163282.265625
1787030833451;193762.234375;1787030833451;163282.265625
1787030833461;193762.234375;1787030833461;163282.265625
1787030833471;193761.171875;1787030833471;163281.84375
1787030833481;193771.1875;1787030833481;163278.5625
1787030833491;193794.859375;1787030833491;163277.34375
1787030833501;193794.859375;1787030833501;163277.34375
1787030833511;193794.859375;1787030833511;163277.34375
1787030833521;193794.859375;1787030833521;163277.34375
1787030833531;193794.859375;1787030833531;163277.34375
1787030833541;193794.859375;1787030833541;163277.34375
1787030833551;193791.65625;1787030833551;163277.9375
1787030833561;193791.65625;1787030833561;163277.9375
1787030833571;193783.515625;1787030833571;163276.015625
1787030833581;193783.515625;1787030833581;163276.015625
1787030833591;193783.515625;1787030833591;163276.015625
1787030833601;193783.515625;1787030833601;163276.015625
1787030833611;193783.515625;1787030833611;163276.015625
1787030833621;193783.515625;1787030833621;163276.015625
1787030833631;193823.734375;1787030833631;163252.9375
1787030833641;193823.734375;1787030833641;163252.9375
1787030833651;193856.765625;1787030833651;163262.609375
1787030833661;193856.765625;1787030833661;163262.609375
1787030833671;193856.765625;1787030833671;163262.609375
1787030833681;193856.765625;1787030833681;163262.609375
1787030833691;193856.765625;1787030833691;163262.609375
1787030833701;193856.765625;1787030833701;163262.609375
1787030833711;193932.421875;1787030833711;163291.234375
1787030833721;193932.421875;1787030833721;163291.234375
1787030833731;193932.421875;1787030833731;163291.234375
1787030833741;193932.421875;1787030833741;163291.234375
1787030833751;193932.421875;1787030833751;163291.234375
1787030833761;193932.421875;1787030833761;163291.234375
1787030833771;193994.921875;1787030833771;163310.75
1787030833781;193991.265625;1787030833781;163308.734375
1787030833791;193994.234375;1787030833791;163306.515625
1787030833801;193994.234375;1787030833801;163306.515625
1787030833811;193994.234375;1787030833811;163306.515625
1787030833821;193994.234375;1787030833821;163306.515625
1787030833831;193994.234375;1787030833831;163306.515625
1787030833841;193994.234375;1787030833841;163306.515625
1787030833851;194120.296875;1787030833851;163326.953125
1787030833861;194120.296875;1787030833861;163326.953125
1787030833871;194145.90625;1787030833871;163332.8125
1787030833881;194145.90625;1787030833881;163332.8125
1787030833891;194145.90625;1787030833891;163332.8125
1787030833901;194145.90625;1787030833901;163332.8125
1787030833911;194145.90625;1787030833911;163332.8125
1787030833921;194145.90625;1787030833921;163332.8125
1787030833931;194203.375;1787030833931;163354.359375
1787030833941;194242.859375;1787030833941;163366
1787030833951;194242.859375;1787030833951;163366
1787030833961;194242.859375;1787030833961;163366
1787030833971;194242.859375;1787030833971;163366
1787030833981;194242.859375;1787030833981;163366
1787030833991;194242.859375;1787030833991;163366
1787030834001;194256.703125;1787030834001;163369.9375
1787030834011;194277.84375;1787030834011;163381.09375
1787030834021;194345.609375;1787030834021;163406.28125
1787030834031;194345.609375;1787030834031;163406.28125
1787030834041;194345.609375;1787030834041;163406.28125
1787030834051;194345.609375;1787030834051;163406.28125
1787030834061;194345.609375;1787030834061;163406.28125
1787030834071;194345.609375;1787030834071;163406.28125
1787030834081;194413.59375;1787030834081;163424.234375
1787030834091;194225.859375;1787030834091;163341.40625
1787030834101;194225.859375;1787030834101;163341.40625
1787030834111;194225.859375;1787030834111;163341.40625
1787030834121;194225.859375;1787030834121;163341.40625
1787030834131;194225.859375;1787030834131;163341.40625
1787030834141;194225.859375;1787030834141;163341.40625
1787030834151;193671.5;1787030834151;163131.640625
1787030834161;193671.5;1787030834161;163131.640625
1787030834171;193634.953125;1787030834171;163117.671875
1787030834181;193634.953125;1787030834181;163117.671875
1787030834191;193634.953125;1787030834191;163117.671875
1787030834201;193634.953125;1787030834201;163117.671875
1787030834211;193634.953125;1787030834211;163117.671875
1787030834221;193634.953125;1787030834221;163117.671875
1787030834231;193738.984375;1787030834231;163155.4375
1787030834241;193761.796875;1787030834241;163154.234375
1787030834251;193761.796875;1787030834251;163154.234375
1787030834261;193761.796875;1787030834261;163154.234375
1787030834271;193761.796875;1787030834271;163154.234375
1787030834281;193761.796875;1787030834281;163154.234375
1787030834291;193761.796875;1787030834291;163154.234375
1787030834301;193768.390625;1787030834301;163150.1875
1787030834311;193816.8125;1787030834311;163151.03125
1787030834321;193836.546875;1787030834321;163159.609375
1787030834331;193836.546875;1787030834331;163159.609375
1787030834341;193836.546875;1787030834341;163159.609375
1787030834351;193836.546875;1787030834351;163159.609375
1787030834361;193836.546875;1787030834361;163159.609375
1787030834371;193836.546875;1787030834371;163159.609375
1787030834381;193913.90625;1787030834381;163192.828125
1787030834391;193929.15625;1787030834391;163195.9375
1787030834401;193929.15625;1787030834401;163195.9375
1787030834411;193929.15625;1787030834411;163195.9375
1787030834421;193929.15625;1787030834421;163195.9375
1787030834431;193929.15625;1787030834431;163195.9375
1787030834441;193929.15625;1787030834441;163195.9375
1787030834451;193913.515625;1787030834451;163185.546875
1787030834461;193914.40625;1787030834461;163186.796875
1787030834471;193914.40625;1787030834471;163186.796875
1787030834481;193914.40625;1787030834481;163186.796875
1787030834491;193914.40625;1787030834491;163186.796875
1787030834501;193914.40625;1787030834501;163186.796875
1787030834511;193914.40625;1787030834511;163186.796875
1787030834521;193925.796875;1787030834521;163194.25
1787030834531;193996;1787030834531;163226.875
1787030834541;194039.71875;1787030834541;163241.78125
1787030834551;194039.71875;1787030834551;163241.78125
1787030834561;194039.71875;1787030834561;163241.78125
1787030834571;194039.71875;1787030834571;163241.78125
1787030834581;194039.71875;1787030834581;163241.78125
1787030834591;194039.71875;1787030834591;163241.78125
1787030834601;194093.875;1787030834601;163251.875
1787030834611;194111.71875;1787030834611;163250.921875
1787030834621;194132.4375;1787030834621;163250.125
1787030834631;194132.4375;1787030834631;163250.125
1787030834641;194132.4375;1787030834641;163250.125
1787030834651;194132.4375;1787030834651;163250.125
1787030834661;194132.4375;1787030834661;163250.125
1787030834671;194132.4375;1787030834671;163250.125
1787030834681;194194.828125;1787030834681;163265.109375
1787030834691;194194.828125;1787030834691;163265.109375
1787030834701;194207.234375;1787030834701;163271.25
1787030834711;194207.234375;1787030834711;163271.25
1787030834721;194207.234375;1787030834721;163271.25
1787030834731;194207.234375;1787030834731;163271.25
1787030834741;194207.234375;1787030834741;163271.25
1787030834751;194207.234375;1787030834751;163271.25
1787030834761;194300.296875;1787030834761;163313.578125
1787030834771;194300.296875;1787030834771;163313.578125
1787030834781;194300.296875;1787030834781;163313.578125
1787030834791;194300.296875;1787030834791;163313.578125
1787030834801;194300.296875;1787030834801;163313.578125
1787030834811;194300.296875;1787030834811;163313.578125
1787030834821;194353.796875;1787030834821;163326.5
1787030834831;194391.078125;1787030834831;163345.40625
1787030834841;194404.21875;1787030834841;163351
1787030834851;194404.21875;1787030834851;163351
1787030834861;194404.21875;1787030834861;163351
1787030834871;194404.21875;1787030834871;163351
1787030834881;194404.21875;1787030834881;163351
1787030834891;194404.21875;1787030834891;163351
1787030834901;194510.953125;1787030834901;163385
1787030834911;194510.953125;1787030834911;163385
1787030834921;194564.71875;1787030834921;163405.75
1787030834931;194564.71875;1787030834931;163405.75
1787030834941;194564.71875;1787030834941;163405.75
1787030834951;194564.71875;1787030834951;163405.75
1787030834961;194564.71875;1787030834961;163405.75
1787030834971;194564.71875;1787030834971;163405.75
1787030834981;194511.296875;1787030834981;163382.21875
1787030834991;194307.515625;1787030834991;163309.484375
1787030835001;194307.515625;1787030835001;163309.484375
1787030835011;194307.515625;1787030835011;163309.484375
1787030835021;194307.515625;1787030835021;163309.484375
1787030835031;194307.515625;1787030835031;163309.484375
1787030835041;194307.515625;1787030835041;163309.484375
1787030835051;194188.390625;1787030835051;163265.140625
1787030835061;193816.078125;1787030835061;163120.640625
1787030835071;193823.390625;1787030835071;163123.765625
1787030835081;193823.390625;1787030835081;163123.765625
1787030835091;193823.390625;1787030835091;163123.765625
1787030835101;193823.390625;1787030835101;163123.765625
1787030835111;193823.390625;1787030835111;163123.765625
1787030835121;193823.390625;1787030835121;163123.765625
1787030835131;193902.375;1787030835131;163146.34375
1787030835141;193957.03125;1787030835141;163159.171875
1787030835151;193957.03125;1787030835151;163159.171875
1787030835161;193957.03125;1787030835161;163159.171875
1787030835171;193957.03125;1787030835171;163159.171875
1787030835181;193957.03125;1787030835181;163159.171875
1787030835191;193957.03125;1787030835191;163159.171875
1787030835201;193996.953125;1787030835201;163175
1787030835211;194013.546875;1787030835211;163179.34375
1787030835221;194033.84375;1787030835221;163185.40625
1787030835231;194033.84375;1787030835231;163185.40625
1787030835241;194033.84375;1787030835241;163185.40625
1787030835251;194033.84375;1787030835251;163185.40625
1787030835261;194033.84375;1787030835261;163185.40625
1787030835271;194033.84375;1787030835271;163185.40625
1787030835281;194145.59375;1787030835281;163220.84375
1787030835291;194148.234375;1787030835291;163221.25
1787030835301;194148.234375;1787030835301;163221.25
1787030835311;194148.234375;1787030835311;163221.25
1787030835321;194148.234375;1787030835321;163221.25
1787030835331;194148.234375;1787030835331;163221.25
1787030835341;194148.234375;1787030835341;163221.25
1787030835351;194134.0625;1787030835351;163220.703125
1787030835361;194125.578125;1787030835361;163220.875
1787030835371;194136.125;1787030835371;163219.6875
1787030835381;194136.125;1787030835381;163219.6875
1787030835391;194136.125;1787030835391;163219.6875
1787030835401;194136.125;1787030835401;163219.6875
1787030835411;194136.125;1787030835411;163219.6875
1787030835421;194136.125;1787030835421;163219.6875
1787030835431;194229.1875;1787030835431;163239.75
1787030835441;194229.1875;1787030835441;163239.75
1787030835451;194229.1875;1787030835451;163239.75
1787030835461;194229.1875;1787030835461;163239.75
1787030835471;194229.1875;1787030835471;163239.75
1787030835481;194229.1875;1787030835481;163239.75
1787030835491;194229.1875;1787030835491;163239.75
1787030835501;194386.203125;1787030835501;163317.46875
1787030835511;194398.75;1787030835511;163319.5
1787030835521;194398.75;1787030835521;163319.5
1787030835531;194398.75;1787030835531;163319.5
1787030835541;194398.75;1787030835541;163319.5
1787030835551;194398.75;1787030835551;163319.5
1787030835561;194398.75;1787030835561;163319.5
1787030835571;194430.203125;1787030835571;163313.921875
1787030835581;194469.890625;1787030835581;163319.265625
1787030835591;194497.75;1787030835591;163333.859375
1787030835601;194497.75;1787030835601;163333.859375
1787030835611;194497.75;1787030835611;163333.859375
1787030835621;194497.75;1787030835621;163333.859375
1787030835631;194497.75;1787030835631;163333.859375
1787030835641;194497.75;1787030835641;163333.859375
1787030835651;194582.1875;1787030835651;163370.09375
1787030835661;194582.1875;1787030835661;163370.09375
1787030835671;194614.796875;1787030835671;163378.984375
1787030835681;194614.796875;1787030835681;163378.984375
1787030835691;194614.796875;1787030835691;163378.984375
1787030835701;194614.796875;1787030835701;163378.984375
1787030835711;194614.796875;1787030835711;163378.984375
1787030835721;194614.796875;1787030835721;163378.984375
1787030835731;194626.375;1787030835731;163376.6875
1787030835741;194626.375;1787030835741;163376.6875
1787030835751;194665.21875;1787030835751;163391.640625
1787030835761;194665.21875;1787030835761;163391.640625
1787030835771;194665.21875;1787030835771;163391.640625
1787030835781;194665.21875;1787030835781;163391.640625
1787030835791;194665.21875;1787030835791;163391.640625
1787030835801;194665.21875;1787030835801;163391.640625
1787030835811;194787.203125;1787030835811;163428.484375
1787030835821;194585.59375;1787030835821;163348.53125
1787030835831;194585.59375;1787030835831;163348.53125
1787030835841;194585.59375;1787030835841;163348.53125
1787030835851;194585.59375;1787030835851;163348.53125
1787030835861;194585.59375;1787030835861;163348.53125
1787030835871;194585.59375;1787030835871;163348.53125
1787030835881;194324.6875;1787030835881;163253.140625
1787030835891;193960.953125;1787030835891;163118.796875
1787030835901;193960.953125;1787030835901;163118.796875
1787030835911;193960.953125;1787030835911;163118.796875
1787030835921;193960.953125;1787030835921;163118.796875
1787030835931;193960.953125;1787030835931;163118.796875
1787030835941;193960.953125;1787030835941;163118.796875
1787030835951;194082.65625;1787030835951;163152.796875
1787030835961;194082.65625;1787030835961;163152.796875
1787030835971;194156.96875;1787030835971;163183.046875
1787030835981;194156.96875;1787030835981;163183.046875
1787030835991;194156.96875;1787030835991;163183.046875
1787030836001;194156.96875;1787030836001;163183.046875
1787030836011;194156.96875;1787030836011;163183.046875
1787030836021;194156.96875;1787030836021;163183.046875
1787030836031;194142.640625;1787030836031;163175.171875
1787030836041;194187.96875;1787030836041;163191.359375
1787030836051;194187.96875;1787030836051;163191.359375
1787030836061;194187.96875;1787030836061;163191.359375
1787030836071;194187.96875;1787030836071;163191.359375
1787030836081;194187.96875;1787030836081;163191.359375
1787030836091;194187.96875;1787030836091;163191.359375
1787030836101;194219.359375;1787030836101;163203.609375
1787030836111;194288.375;1787030836111;163234.8125
1787030836121;194265.8125;1787030836121;163223.34375
1787030836131;194265.8125;1787030836131;163223.34375
1787030836141;194265.8125;1787030836141;163223.34375
1787030836151;194265.8125;1787030836151;163223.34375
1787030836161;194265.8125;1787030836161;163223.34375
1787030836171;194265.8125;1787030836171;163223.34375
1787030836181;194233.921875;1787030836181;163202.015625
1787030836191;194233.265625;1787030836191;163192.484375
1787030836201;194233.265625;1787030836201;163192.484375
1787030836211;194233.265625;1787030836211;163192.484375
1787030836221;194233.265625;1787030836221;163192.484375
1787030836231;194233.265625;1787030836231;163192.484375
1787030836241;194233.265625;1787030836241;163192.484375
1787030836251;194328.375;1787030836251;163221.59375
1787030836261;194352.59375;1787030836261;163231.03125
1787030836271;194377.25;1787030836271;163240.5
1787030836281;194377.25;1787030836281;163240.5
1787030836291;194377.25;1787030836291;163240.5
1787030836301;194377.25;1787030836301;163240.5
1787030836311;194377.25;1787030836311;163240.5
1787030836321;194377.25;1787030836321;163240.5
1787030836331;194515.765625;1787030836331;163300.78125
1787030836341;194533.890625;1787030836341;163309.984375
1787030836351;194533.890625;1787030836351;163309.984375
1787030836361;194533.890625;1787030836361;163309.984375
1787030836371;194533.890625;1787030836371;163309.984375
1787030836381;194533.890625;1787030836381;163309.984375
1787030836391;194533.890625;1787030836391;163309.984375
1787030836401;194572.40625;1787030836401;163324.65625
1787030836411;194600.328125;1787030836411;163325.046875
1787030836421;194626.984375;1787030836421;163329.34375
1787030836431;194626.984375;1787030836431;163329.34375
1787030836441;194626.984375;1787030836441;163329.34375
1787030836451;194626.984375;1787030836451;163329.34375
1787030836461;194626.984375;1787030836461;163329.34375
1787030836471;194626.984375;1787030836471;163329.34375
1787030836481;194716.109375;1787030836481;163368.5625
1787030836491;194716.109375;1787030836491;163368.5625
1787030836501;194747.640625;1787030836501;163378.59375
1787030836511;194747.640625;1787030836511;163378.59375
1787030836521;194747.640625;1787030836521;163378.59375
1787030836531;194747.640625;1787030836531;163378.59375
1787030836541;194747.640625;1787030836541;163378.59375
1787030836551;194747.640625;1787030836551;163378.59375
1787030836561;194807.5625;1787030836561;163404.09375
1787030836571;194807.5625;1787030836571;163404.09375
1787030836581;194807.5625;1787030836581;163404.09375
1787030836591;194807.5625;1787030836591;163404.09375
1787030836601;194807.5625;1787030836601;163404.09375
1787030836611;194807.5625;1787030836611;163404.09375
1787030836621;194670.5625;1787030836621;163351.21875
1787030836631;194212.53125;1787030836631;163165.0625
1787030836641;194050.296875;1787030836641;163100.796875
1787030836651;194050.296875;1787030836651;163100.796875
1787030836661;194050.296875;1787030836661;163100.796875
1787030836671;194050.296875;1787030836671;163100.796875
1787030836681;194050.296875;1787030836681;163100.796875
1787030836691;194050.296875;1787030836691;163100.796875
1787030836701;193998.6875;1787030836701;163087.1875
1787030836711;194016.875;1787030836711;163092.484375
1787030836721;194056.71875;1787030836721;163100.21875
1787030836731;194056.71875;1787030836731;163100.21875
1787030836741;194056.71875;1787030836741;163100.21875
1787030836751;194056.71875;1787030836751;163100.21875
1787030836761;194056.71875;1787030836761;163100.21875
1787030836771;194056.71875;1787030836771;163100.21875
1787030836781;194147.5625;1787030836781;163124.03125
1787030836791;194147.5625;1787030836791;163124.03125
1787030836801;194160.828125;1787030836801;163129.53125
1787030836811;194160.828125;1787030836811;163129.53125
1787030836821;194160.828125;1787030836821;163129.53125
1787030836831;194160.828125;1787030836831;163129.53125
1787030836841;194160.828125;1787030836841;163129.53125
1787030836851;194160.828125;1787030836851;163129.53125
1787030836861;194278.359375;1787030836861;163169.28125
1787030836871;194278.359375;1787030836871;163169.28125
1787030836881;194278.359375;1787030836881;163169.28125
1787030836891;194278.359375;1787030836891;163169.28125
1787030836901;194278.359375;1787030836901;163169.28125
1787030836911;194278.359375;1787030836911;163169.28125
1787030836921;194307.03125;1787030836921;163179.546875
1787030836931;194284.609375;1787030836931;163178.265625
1787030836941;194266.453125;1787030836941;163175.15625
1787030836951;194266.453125;1787030836951;163175.15625
1787030836961;194266.453125;1787030836961;163175.15625
1787030836971;194266.453125;1787030836971;163175.15625
1787030836981;194266.453125;1787030836981;163175.15625
1787030836991;194266.453125;1787030836991;163175.15625
1787030837001;194329.3125;1787030837001;163179.953125
1787030837011;194329.3125;1787030837011;163179.953125
1787030837021;194352.421875;1787030837021;163186.875
1787030837031;194352.421875;1787030837031;163186.875
1787030837041;194352.421875;1787030837041;163186.875
1787030837051;194352.421875;1787030837051;163186.875
1787030837061;194352.421875;1787030837061;163186.875
1787030837071;194352.421875;1787030837071;163186.875
1787030837081;194496.09375;1787030837081;163246.65625
1787030837091;194552.234375;1787030837091;163264.96875
1787030837101;194552.234375;1787030837101;163264.96875
1787030837111;194552.234375;1787030837111;163264.96875
1787030837121;194552.234375;1787030837121;163264.96875
1787030837131;194552.234375;1787030837131;163264.96875
1787030837141;194552.234375;1787030837141;163264.96875
1787030837151;194577.28125;1787030837151;163273.921875
1787030837161;194636.828125;1787030837161;163304.953125
1787030837171;194649.75;1787030837171;163307.65625
1787030837181;194649.75;1787030837181;163307.65625
1787030837191;194649.75;1787030837191;163307.65625
1787030837201;194649.75;1787030837201;163307.65625
1787030837211;194649.75;1787030837211;163307.65625
1787030837221;194649.75;1787030837221;163307.65625
1787030837231;194675.671875;1787030837231;163307.609375
1787030837241;194700.296875;1787030837241;163303.71875
1787030837251;194700.296875;1787030837251;163303.71875
1787030837261;194700.296875;1787030837261;163303.71875
1787030837271;194700.296875;1787030837271;163303.71875
1787030837281;194700.296875;1787030837281;163303.71875
1787030837291;194700.296875;1787030837291;163303.71875
1787030837301;194795.75;1787030837301;163332.234375
1787030837311;194812.671875;1787030837311;163339.046875
1787030837321;194829.9375;1787030837321;163345.171875
1787030837331;194829.9375;1787030837331;163345.171875
1787030837341;194829.9375;1787030837341;163345.171875
1787030837351;194829.9375;1787030837351;163345.171875
1787030837361;194829.9375;1787030837361;163345.171875
1787030837371;194829.9375;1787030837371;163345.171875
1787030837381;194958.3125;1787030837381;163383.96875
1787030837391;194897.921875;1787030837391;163353.390625
1787030837401;194897.921875;1787030837401;163353.390625
1787030837411;194897.921875;1787030837411;163353.390625
1787030837421;194897.921875;1787030837421;163353.390625
1787030837431;194897.921875;1787030837431;163353.390625
1787030837441;194897.921875;1787030837441;163353.390625
1787030837451;194705.265625;1787030837451;163269
1787030837461;194137.734375;1787030837461;163041.15625
1787030837471;194029;1787030837471;163000.796875
1787030837481;194029;1787030837481;163000.796875
1787030837491;194029;1787030837491;163000.796875
1787030837501;194029;1787030837501;163000.796875
1787030837511;194029;1787030837511;163000.796875
1787030837521;194029;1787030837521;163000.796875
1787030837531;193901.65625;1787030837531;162960.4375
1787030837541;193901.65625;1787030837541;162960.4375
1787030837551;193954.765625;1787030837551;162972.5625
1787030837561;193954.765625;1787030837561;162972.5625
1787030837571;193954.765625;1787030837571;162972.5625
1787030837581;193954.765625;1787030837581;162972.5625
1787030837591;193954.765625;1787030837591;162972.5625
1787030837601;193954.765625;1787030837601;162972.5625
1787030837611;194063.375;1787030837611;163000.671875
1787030837621;194063.375;1787030837621;163000.671875
1787030837631;194063.375;1787030837631;163000.671875
1787030837641;194063.375;1787030837641;163000.671875
1787030837651;194063.375;1787030837651;163000.671875
1787030837661;194063.375;1787030837661;163000.671875
1787030837671;194096.90625;1787030837671;163018.4375
1787030837681;194202.78125;1787030837681;163066.421875
1787030837691;194245.125;1787030837691;163087.0625
1787030837701;194245.125;1787030837701;163087.0625
1787030837711;194245.125;1787030837711;163087.0625
1787030837721;194245.125;1787030837721;163087.0625
1787030837731;194245.125;1787030837731;163087.0625
1787030837741;194245.125;1787030837741;163087.0625
1787030837751;194262.390625;1787030837751;163092.484375
1787030837761;194243.5;1787030837761;163058.171875
1787030837771;194235.53125;1787030837771;163045.671875
1787030837781;194235.53125;1787030837781;163045.671875
1787030837791;194235.53125;1787030837791;163045.671875
1787030837801;194235.53125;1787030837801;163045.671875
1787030837811;194235.53125;1787030837811;163045.671875
1787030837821;194235.53125;1787030837821;163045.671875
1787030837831;194298.671875;1787030837831;163081.640625
1787030837841;194323.0625;1787030837841;163094.8125
1787030837851;194323.0625;1787030837851;163094.8125
1787030837861;194323.0625;1787030837861;163094.8125
1787030837871;194323.0625;1787030837871;163094.8125
1787030837881;194323.0625;1787030837881;163094.8125
1787030837891;194323.0625;1787030837891;163094.8125
1787030837901;194473;1787030837901;163158.453125
1787030837911;194523.75;1787030837911;163171.375
1787030837921;194523.75;1787030837921;163171.375
1787030837931;194523.75;1787030837931;163171.375
1787030837941;194523.75;1787030837941;163171.375
1787030837951;194523.75;1787030837951;163171.375
1787030837961;194523.75;1787030837961;163171.375
1787030837971;194551.5;1787030837971;163177.40625
1787030837981;194700.03125;1787030837981;163222.625
1787030837991;194749.078125;1787030837991;163246.3125
1787030838001;194749.078125;1787030838001;163246.3125
1787030838011;194749.078125;1787030838011;163246.3125
1787030838021;194749.078125;1787030838021;163246.3125
1787030838031;194749.078125;1787030838031;163246.3125
1787030838041;194749.078125;1787030838041;163246.3125
1787030838051;194829.671875;1787030838051;163274.625
1787030838061;194862.09375;1787030838061;163278.28125
1787030838071;194887.9375;1787030838071;163281.015625
1787030838081;194887.9375;1787030838081;163281.015625
1787030838091;194887.9375;1787030838091;163281.015625
1787030838101;194887.9375;1787030838101;163281.015625
1787030838111;194887.9375;1787030838111;163281.015625
1787030838121;194887.9375;1787030838121;163281.015625
1787030838131;194967.265625;1787030838131;163312.265625
1787030838141;194967.265625;1787030838141;163312.265625
1787030838151;194980.40625;1787030838151;163319.765625
1787030838161;194980.40625;1787030838161;163319.765625
1787030838171;194980.40625;1787030838171;163319.765625
1787030838181;194980.40625;1787030838181;163319.765625
1787030838191;194980.40625;1787030838191;163319.765625
1787030838201;194980.40625;1787030838201;163319.765625
1787030838211;195071.5;1787030838211;163353.375
1787030838221;195071.5;1787030838221;163353.375
1787030838231;195071.5;1787030838231;163353.375
1787030838241;195071.5;1787030838241;163353.375
1787030838251;195071.5;1787030838251;163353.375
1787030838261;195071.5;1787030838261;163353.375
1787030838271;195210.609375;1787030838271;163417.453125
1787030838281;195169.171875;1787030838281;163397.46875
1787030838291;195079.453125;1787030838291;163358.609375
1787030838301;195079.453125;1787030838301;163358.609375
1787030838311;195079.453125;1787030838311;163358.609375
1787030838321;195079.453125;1787030838321;163358.609375
1787030838331;195079.453125;1787030838331;163358.609375
1787030838341;195079.453125;1787030838341;163358.609375
1787030838351;194147.921875;1787030838351;163000.25
1787030838361;194147.921875;1787030838361;163000.25
1787030838371;193994.625;1787030838371;162945.125
1787030838381;193994.625;1787030838381;162945.125
1787030838391;193994.625;1787030838391;162945.125
1787030838401;193994.625;1787030838401;162945.125
1787030838411;193994.625;1787030838411;162945.125
1787030838421;193994.625;1787030838421;162945.125
1787030838431;194043.234375;1787030838431;162956.140625
1787030838441;194068.796875;1787030838441;162964.046875
1787030838451;194092.859375;1787030838451;162970.984375
1787030838461;194092.859375;1787030838461;162970.984375
1787030838471;194092.859375;1787030838471;162970.984375
1787030838481;194092.859375;1787030838481;162970.984375
1787030838491;194092.859375;1787030838491;162970.984375
1787030838501;194092.859375;1787030838501;162970.984375
1787030838511;194171.578125;1787030838511;162990.4375
1787030838521;194211.640625;1787030838521;163011.9375
1787030838531;194211.640625;1787030838531;163011.9375
1787030838541;194211.640625;1787030838541;163011.9375
1787030838551;194211.640625;1787030838551;163011.9375
1787030838561;194211.640625;1787030838561;163011.9375
1787030838571;194211.640625;1787030838571;163011.9375
1787030838581;194312.453125;1787030838581;163055.4375
1787030838591;194517.484375;1787030838591;163120.046875
1787030838601;194517.484375;1787030838601;163120.046875
1787030838611;194517.484375;1787030838611;163120.046875
1787030838621;194517.484375;1787030838621;163120.046875
1787030838631;194517.484375;1787030838631;163120.046875
1787030838641;194517.484375;1787030838641;163120.046875
1787030838651;194261.21875;1787030838651;163018.9375
1787030838661;194261.21875;1787030838661;163018.9375
1787030838671;194240.5625;1787030838671;163010.890625
1787030838681;194240.5625;1787030838681;163010.890625
1787030838691;194240.5625;1787030838691;163010.890625
1787030838701;194240.5625;1787030838701;163010.890625
1787030838711;194240.5625;1787030838711;163010.890625
1787030838721;194240.5625;1787030838721;163010.890625
1787030838731;194324.84375;1787030838731;163044.28125
1787030838741;194344.765625;1787030838741;163051.390625
1787030838751;194344.765625;1787030838751;163051.390625
1787030838761;194344.765625;1787030838761;163051.390625
1787030838771;194344.765625;1787030838771;163051.390625
1787030838781;194344.765625;1787030838781;163051.390625
1787030838791;194344.765625;1787030838791;163051.390625
1787030838801;194414.859375;1787030838801;163066.296875
1787030838811;194501.609375;1787030838811;163082.40625
1787030838821;194563.5;1787030838821;163104.265625
1787030838831;194563.5;1787030838831;163104.265625
1787030838841;194563.5;1787030838841;163104.265625
1787030838851;194563.5;1787030838851;163104.265625
1787030838861;194563.5;1787030838861;163104.265625
1787030838871;194563.5;1787030838871;163104.265625
1787030838881;194687.390625;1787030838881;163181.6875
1787030838891;194710.546875;1787030838891;163192.5
1787030838901;194710.546875;1787030838901;163192.5
1787030838911;194710.546875;1787030838911;163192.5
1787030838921;194710.546875;1787030838921;163192.5
1787030838931;194710.546875;1787030838931;163192.5
1787030838941;194710.546875;1787030838941;163192.5
1787030838951;194720.4375;1787030838951;163156.65625
1787030838961;194728;1787030838961;163160.84375
1787030838971;194728;1787030838971;163160.84375
1787030838981;194728;1787030838981;163160.84375
1787030838991;194728;1787030838991;163160.84375
1787030839001;194728;1787030839001;163160.84375
1787030839011;194728;1787030839011;163160.84375
1787030839021;194835.671875;1787030839021;163215.078125
1787030839031;194957.078125;1787030839031;163262.828125
1787030839041;195009.25;1787030839041;163274.078125
1787030839051;195009.25;1787030839051;163274.078125
1787030839061;195009.25;1787030839061;163274.078125
1787030839071;195009.25;1787030839071;163274.078125
1787030839081;195009.25;1787030839081;163274.078125
1787030839091;195009.25;1787030839091;163274.078125
1787030839101;195056.65625;1787030839101;163285.234375
1787030839111;195000.21875;1787030839111;163268.09375
1787030839121;194778.53125;1787030839121;163193.3125
1787030839131;194778.53125;1787030839131;163193.3125
1787030839141;194778.53125;1787030839141;163193.3125
1787030839151;194778.53125;1787030839151;163193.3125
1787030839161;194778.53125;1787030839161;163193.3125
1787030839171;194778.53125;1787030839171;163193.3125
1787030839181;193965.09375;1787030839181;162867.0625
1787030839191;193965.09375;1787030839191;162867.0625
1787030839201;193918.484375;1787030839201;162844.828125
1787030839211;193918.484375;1787030839211;162844.828125
1787030839221;193918.484375;1787030839221;162844.828125
1787030839231;193918.484375;1787030839231;162844.828125
1787030839241;193918.484375;1787030839241;162844.828125
1787030839251;193918.484375;1787030839251;162844.828125
1787030839261;194007.109375;1787030839261;162891.96875
1787030839271;194007.109375;1787030839271;162891.96875
1787030839281;194007.109375;1787030839281;162891.96875
1787030839291;194007.109375;1787030839291;162891.96875
1787030839301;194007.109375;1787030839301;162891.96875
1787030839311;194007.109375;1787030839311;162891.96875
1787030839321;194090;1787030839321;162924.71875
1787030839331;194131.359375;1787030839331;162927
1787030839341;194150.15625;1787030839341;162930.09375
1787030839351;194150.15625;1787030839351;162930.09375
1787030839361;194150.15625;1787030839361;162930.09375
1787030839371;194150.15625;1787030839371;162930.09375
1787030839381;194150.15625;1787030839381;162930.09375
1787030839391;194150.15625;1787030839391;162930.09375
1787030839401;194297.5;1787030839401;162982.109375
1787030839411;194297.5;1787030839411;162982.109375
1787030839421;194300.484375;1787030839421;162984.046875
1787030839431;194300.484375;1787030839431;162984.046875
1787030839441;194300.484375;1787030839441;162984.046875
1787030839451;194300.484375;1787030839451;162984.046875
1787030839461;194300.484375;1787030839461;162984.046875
1787030839471;194300.484375;1787030839471;162984.046875
1787030839481;194247.4375;1787030839481;162956.203125
1787030839491;194253.28125;1787030839491;162962.90625
1787030839501;194263.328125;1787030839501;162962.90625
1787030839511;194263.328125;1787030839511;162962.90625
1787030839521;194263.328125;1787030839521;162962.90625
1787030839531;194263.328125;1787030839531;162962.90625
1787030839541;194263.328125;1787030839541;162962.90625
1787030839551;194263.328125;1787030839551;162962.90625
1787030839561;194381.5;1787030839561;163003.25
1787030839571;194443.875;1787030839571;163021.953125
1787030839581;194443.875;1787030839581;163021.953125
1787030839591;194443.875;1787030839591;163021.953125
1787030839601;194443.875;1787030839601;163021.953125
1787030839611;194443.875;1787030839611;163021.953125
1787030839621;194443.875;1787030839621;163021.953125
1787030839631;194531.9375;1787030839631;163052.6875
1787030839641;194595.71875;1787030839641;163080
1787030839651;194595.71875;1787030839651;163080
1787030839661;194595.71875;1787030839661;163080
1787030839671;194595.71875;1787030839671;163080
1787030839681;194595.71875;1787030839681;163080
1787030839691;194595.71875;1787030839691;163080
1787030839701;194719.234375;1787030839701;163131.171875
1787030839711;194719.234375;1787030839711;163131.171875
1787030839721;194754.328125;1787030839721;163142.328125
1787030839731;194754.328125;1787030839731;163142.328125
1787030839741;194754.328125;1787030839741;163142.328125
1787030839751;194754.328125;1787030839751;163142.328125
1787030839761;194754.328125;1787030839761;163142.328125
1787030839771;194754.328125;1787030839771;163142.328125
1787030839781;194833.53125;1787030839781;163169.875
1787030839791;194852.515625;1787030839791;163178.578125
1787030839801;194852.515625;1787030839801;163178.578125
1787030839811;194852.515625;1787030839811;163178.578125
1787030839821;194852.515625;1787030839821;163178.578125
1787030839831;194852.515625;1787030839831;163178.578125
1787030839841;194852.515625;1787030839841;163178.578125
1787030839851;194938.703125;1787030839851;163214.140625
1787030839861;194978.078125;1787030839861;163224.5625
1787030839871;194867.984375;1787030839871;163177.28125
1787030839881;194867.984375;1787030839881;163177.28125
1787030839891;194867.984375;1787030839891;163177.28125
1787030839901;194867.984375;1787030839901;163177.28125
1787030839911;194867.984375;1787030839911;163177.28125
1787030839921;194867.984375;1787030839921;163177.28125
1787030839931;194136.03125;1787030839931;162902.828125
1787030839941;194001.765625;1787030839941;162853.546875
1787030839951;194001.765625;1787030839951;162853.546875
1787030839961;194001.765625;1787030839961;162853.546875
1787030839971;194001.765625;1787030839971;162853.546875
1787030839981;194001.765625;1787030839981;162853.546875
1787030839991;194001.765625;1787030839991;162853.546875
1787030840001;193776.515625;1787030840001;162740.15625
1787030840011;193795.65625;1787030840011;162742.71875
1787030840021;193795.65625;1787030840021;162742.71875
1787030840031;193795.65625;1787030840031;162742.71875
1787030840041;193795.65625;1787030840041;162742.71875
1787030840051;193795.65625;1787030840051;162742.71875
1787030840061;193795.65625;1787030840061;162742.71875
1787030840071;193851.0625;1787030840071;162756.375
1787030840081;193892.75;1787030840081;162769.015625
1787030840091;193920.140625;1787030840091;162774.90625
1787030840101;193920.140625;1787030840101;162774.90625
1787030840111;193920.140625;1787030840111;162774.90625
1787030840121;193920.140625;1787030840121;162774.90625
1787030840131;193920.140625;1787030840131;162774.90625
1787030840141;193920.140625;1787030840141;162774.90625
1787030840151;194001.71875;1787030840151;162792.96875
1787030840161;194012.84375;1787030840161;162796.203125
1787030840171;194018.859375;1787030840171;162796.875
1787030840181;194018.859375;1787030840181;162796.875
1787030840191;194018.859375;1787030840191;162796.875
1787030840201;194018.859375;1787030840201;162796.875
1787030840211;194018.859375;1787030840211;162796.875
1787030840221;194018.859375;1787030840221;162796.875
1787030840231;193962.734375;1787030840231;162767.125
1787030840241;193962.734375;1787030840241;162767.125
1787030840251;193962.453125;1787030840251;162770.703125
1787030840261;193962.453125;1787030840261;162770.703125
1787030840271;193962.453125;1787030840271;162770.703125
1787030840281;193962.453125;1787030840281;162770.703125
1787030840291;193962.453125;1787030840291;162770.703125
1787030840301;193962.453125;1787030840301;162770.703125
1787030840311;193996.4375;1787030840311;162811.640625
1787030840321;193996.4375;1787030840321;162811.640625
1787030840331;193996.4375;1787030840331;162811.640625
1787030840341;193996.4375;1787030840341;162811.640625
1787030840351;193996.4375;1787030840351;162811.640625
1787030840361;193996.4375;1787030840361;162811.640625
1787030840371;194207.78125;1787030840371;162870.390625
1787030840381;194285.515625;1787030840381;162891.796875
1787030840391;194311.265625;1787030840391;162899.5
1787030840401;194311.265625;1787030840401;162899.5
1787030840411;194311.265625;1787030840411;162899.5
1787030840421;194311.265625;1787030840421;162899.5
1787030840431;194311.265625;1787030840431;162899.5
1787030840441;194311.265625;1787030840441;162899.5
1787030840451;194430.6875;1787030840451;162947.59375
1787030840461;194430.6875;1787030840461;162947.59375
1787030840471;194470.984375;1787030840471;162964.125
1787030840481;194470.984375;1787030840481;162964.125
1787030840491;194470.984375;1787030840491;162964.125
1787030840501;194470.984375;1787030840501;162964.125
1787030840511;194470.984375;1787030840511;162964.125
1787030840521;194470.984375;1787030840521;162964.125
1787030840531;194578.75;1787030840531;162998.46875
1787030840541;194647.703125;1787030840541;163018.734375
1787030840551;194647.703125;1787030840551;163018.734375
1787030840561;194647.703125;1787030840561;163018.734375
1787030840571;194647.703125;1787030840571;163018.734375
1787030840581;194647.703125;1787030840581;163018.734375
1787030840591;194647.703125;1787030840591;163018.734375
1787030840601;194676.75;1787030840601;163026.453125
1787030840611;194416.1875;1787030840611;162930.96875
1787030840621;194162.640625;1787030840621;162834.546875
1787030840631;194162.640625;1787030840631;162834.546875
1787030840641;194162.640625;1787030840641;162834.546875
1787030840651;194162.640625;1787030840651;162834.546875
1787030840661;194162.640625;1787030840661;162834.546875
1787030840671;194162.640625;1787030840671;162834.546875
1787030840681;193672.15625;1787030840681;162641.5
1787030840691;193525.875;1787030840691;162584.984375
1787030840701;193525.875;1787030840701;162584.984375
1787030840711;193525.875;1787030840711;162584.984375
1787030840721;193525.875;1787030840721;162584.984375
1787030840731;193525.875;1787030840731;162584.984375
1787030840741;193525.875;1787030840741;162584.984375
1787030840751;193549.109375;1787030840751;162579.359375
1787030840761;193591;1787030840761;162593.9375
1787030840771;193591;1787030840771;162593.9375
1787030840781;193591;1787030840781;162593.9375
1787030840791;193591;1787030840791;162593.9375
1787030840801;193591;1787030840801;162593.9375
1787030840811;193591;1787030840811;162593.9375
1787030840821;193591;1787030840821;162593.9375
1787030840831;193678.734375;1787030840831;162618.5625
1787030840841;193703.375;1787030840841;162627.734375
1787030840851;193703.375;1787030840851;162627.734375
1787030840861;193703.375;1787030840861;162627.734375
1787030840871;193703.375;1787030840871;162627.734375
1787030840881;193703.375;1787030840881;162627.734375
1787030840891;193703.375;1787030840891;162627.734375
1787030840901;193809.6875;1787030840901;162679.234375
1787030840911;193828.75;1787030840911;162689.421875
1787030840921;193815.296875;1787030840921;162680.5
1787030840931;193815.296875;1787030840931;162680.5
1787030840941;193815.296875;1787030840941;162680.5
1787030840951;193815.296875;1787030840951;162680.5
1787030840961;193815.296875;1787030840961;162680.5
1787030840971;193815.296875;1787030840971;162680.5
1787030840981;193744.84375;1787030840981;162622.515625
1787030840991;193744.84375;1787030840991;162622.515625
1787030841001;193750.875;1787030841001;162622.875
1787030841011;193750.875;1787030841011;162622.875
1787030841021;193750.875;1787030841021;162622.875
1787030841031;193750.875;1787030841031;162622.875
1787030841041;193750.875;1787030841041;162622.875
1787030841051;193750.875;1787030841051;162622.875
1787030841061;193869.171875;1787030841061;162676.90625
1787030841071;193869.171875;1787030841071;162676.90625
1787030841081;193869.171875;1787030841081;162676.90625
1787030841091;193869.171875;1787030841091;162676.90625
1787030841101;193869.171875;1787030841101;162676.90625
1787030841111;193869.171875;1787030841111;162676.90625
1787030841121;193926.90625;1787030841121;162688.8125
1787030841131;193981.515625;1787030841131;162686.125
1787030841141;194023.34375;1787030841141;162691.546875
1787030841151;194023.34375;1787030841151;162691.546875
1787030841161;194023.34375;1787030841161;162691.546875
1787030841171;194023.34375;1787030841171;162691.546875
1787030841181;194023.34375;1787030841181;162691.546875
1787030841191;194023.34375;1787030841191;162691.546875
1787030841201;194127.546875;1787030841201;162747.84375
1787030841211;194146.96875;1787030841211;162760.34375
1787030841221;194185.96875;1787030841221;162780.109375
1787030841231;194185.96875;1787030841231;162780.109375
1787030841241;194185.96875;1787030841241;162780.109375
1787030841251;194185.96875;1787030841251;162780.109375
1787030841261;194185.96875;1787030841261;162780.109375
1787030841271;194185.96875;1787030841271;162780.109375
1787030841281;194328.953125;1787030841281;162817.78125
1787030841291;194328.953125;1787030841291;162817.78125
1787030841301;194364.578125;1787030841301;162828.578125
1787030841311;194364.578125;1787030841311;162828.578125
1787030841321;194364.578125;1787030841321;162828.578125
1787030841331;194364.578125;1787030841331;162828.578125
1787030841341;194364.578125;1787030841341;162828.578125
1787030841351;194364.578125;1787030841351;162828.578125
1787030841361;194233.109375;1787030841361;162771.421875
1787030841371;194233.109375;1787030841371;162771.421875
1787030841381;194233.109375;1787030841381;162771.421875
1787030841391;194233.109375;1787030841391;162771.421875
1787030841401;194233.109375;1787030841401;162771.421875
1787030841411;194233.109375;1787030841411;162771.421875
1787030841421;193457.34375;1787030841421;162481.484375
1787030841431;193244.34375;1787030841431;162403.890625
1787030841441;193180.5625;1787030841441;162379.1875
1787030841451;193180.5625;1787030841451;162379.1875
1787030841461;193180.5625;1787030841461;162379.1875
1787030841471;193180.5625;1787030841471;162379.1875
1787030841481;193180.5625;1787030841481;162379.1875
1787030841491;193180.5625;1787030841491;162379.1875
1787030841501;193168.921875;1787030841501;162355.03125
1787030841511;193189.28125;1787030841511;162359.859375
1787030841521;193206.703125;1787030841521;162363.109375
1787030841531;193206.703125;1787030841531;162363.109375
1787030841541;193206.703125;1787030841541;162363.109375
1787030841551;193206.703125;1787030841551;162363.109375
1787030841561;193206.703125;1787030841561;162363.109375
1787030841571;193206.703125;1787030841571;162363.109375
1787030841581;193248.828125;1787030841581;162359.59375
1787030841591;193285.953125;1787030841591;162372.921875
1787030841601;193285.953125;1787030841601;162372.921875
1787030841611;193285.953125;1787030841611;162372.921875
1787030841621;193285.953125;1787030841621;162372.921875
1787030841631;193285.953125;1787030841631;162372.921875
1787030841641;193285.953125;1787030841641;162372.921875
1787030841651;193334.28125;1787030841651;162388.890625
1787030841661;193366.171875;1787030841661;162392.359375
1787030841671;193366.171875;1787030841671;162392.359375
1787030841681;193366.171875;1787030841681;162392.359375
1787030841691;193366.171875;1787030841691;162392.359375
1787030841701;193366.171875;1787030841701;162392.359375
1787030841711;193366.171875;1787030841711;162392.359375
1787030841721;193301.6875;1787030841721;162360.125
1787030841731;193295.28125;1787030841731;162355.671875
1787030841741;193300.25;1787030841741;162357.609375
1787030841751;193300.25;1787030841751;162357.609375
1787030841761;193300.25;1787030841761;162357.609375
1787030841771;193300.25;1787030841771;162357.609375
1787030841781;193300.25;1787030841781;162357.609375
1787030841791;193300.25;1787030841791;162357.609375
1787030841801;193430.59375;1787030841801;162404.953125
1787030841811;193462.75;1787030841811;162414.171875
1787030841821;193495.734375;1787030841821;162423.21875
1787030841831;193495.734375;1787030841831;162423.21875
1787030841841;193495.734375;1787030841841;162423.21875
1787030841851;193495.734375;1787030841851;162423.21875
1787030841861;193495.734375;1787030841861;162423.21875
1787030841871;193495.734375;1787030841871;162423.21875
1787030841881;193663.046875;1787030841881;162475.4375
1787030841891;193700.140625;1787030841891;162488.84375
1787030841901;193700.140625;1787030841901;162488.84375
1787030841911;193700.140625;1787030841911;162488.84375
1787030841921;193700.140625;1787030841921;162488.84375
1787030841931;193700.140625;1787030841931;162488.84375
1787030841941;193700.140625;1787030841941;162488.84375
1787030841951;193733.921875;1787030841951;162501.828125
1787030841961;193786.40625;1787030841961;162537.96875
1787030841971;193797.25;1787030841971;162545.75
1787030841981;193797.25;1787030841981;162545.75
1787030841991;193797.25;1787030841991;162545.75
1787030842001;193797.25;1787030842001;162545.75
1787030842011;193797.25;1787030842011;162545.75
1787030842021;193797.25;1787030842021;162545.75
1787030842031;193870.71875;1787030842031;162548.875
1787030842041;193889.578125;1787030842041;162549.53125
1787030842051;193889.578125;1787030842051;162549.53125
1787030842061;193889.578125;1787030842061;162549.53125
1787030842071;193889.578125;1787030842071;162549.53125
1787030842081;193889.578125;1787030842081;162549.53125
1787030842091;193889.578125;1787030842091;162549.53125
1787030842101;194053.0625;1787030842101;162609.28125
1787030842111;194017.234375;1787030842111;162597.609375
1787030842121;194017.234375;1787030842121;162597.609375
1787030842131;194017.234375;1787030842131;162597.609375
1787030842141;194017.234375;1787030842141;162597.609375
1787030842151;194017.234375;1787030842151;162597.609375
1787030842161;194017.234375;1787030842161;162597.609375
1787030842171;193678.953125;1787030842171;162470.453125
1787030842181;193166;1787030842181;162268.015625
1787030842191;192901.234375;1787030842191;162164
1787030842201;192901.234375;1787030842201;162164
1787030842211;192901.234375;1787030842211;162164
1787030842221;192901.234375;1787030842221;162164
1787030842231;192901.234375;1787030842231;162164
1787030842241;192901.234375;1787030842241;162164
1787030842251;192705.046875;1787030842251;162088.9375
1787030842261;192712.296875;1787030842261;162090.28125
1787030842271;192738.546875;1787030842271;162096.015625
1787030842281;192738.546875;1787030842281;162096.015625
1787030842291;192738.546875;1787030842291;162096.015625
1787030842301;192738.546875;1787030842301;162096.015625
1787030842311;192738.546875;1787030842311;162096.015625
1787030842321;192738.546875;1787030842321;162096.015625
1787030842331;192781.9375;1787030842331;162096.890625
1787030842341;192781.9375;1787030842341;162096.890625
1787030842351;192788.6875;1787030842351;162099.09375
1787030842361;192788.6875;1787030842361;162099.09375
1787030842371;192788.6875;1787030842371;162099.09375
1787030842381;192788.6875;1787030842381;162099.09375
1787030842391;192788.6875;1787030842391;162099.09375
1787030842401;192788.6875;1787030842401;162099.09375
1787030842411;193148.578125;1787030842411;162244.625
1787030842421;193148.578125;1787030842421;162244.625
1787030842431;193148.578125;1787030842431;162244.625
1787030842441;193148.578125;1787030842441;162244.625
1787030842451;193148.578125;1787030842451;162244.625
1787030842461;193148.578125;1787030842461;162244.625
1787030842471;192992.796875;1787030842471;162169.5625
1787030842481;192910.234375;1787030842481;162130.828125
1787030842491;192910.25;1787030842491;162128.046875
1787030842501;192910.25;1787030842501;162128.046875
1787030842511;192910.25;1787030842511;162128.046875
1787030842521;192910.25;1787030842521;162128.046875
1787030842531;192910.25;1787030842531;162128.046875
1787030842541;192910.25;1787030842541;162128.046875
1787030842551;193014.875;1787030842551;162173.359375
1787030842561;193014.875;1787030842561;162173.359375
1787030842571;193034.890625;1787030842571;162179.96875
1787030842581;193034.890625;1787030842581;162179.96875
1787030842591;193034.890625;1787030842591;162179.96875
1787030842601;193034.890625;1787030842601;162179.96875
1787030842611;193034.890625;1787030842611;162179.96875
1787030842621;193034.890625;1787030842621;162179.96875
1787030842631;193167.203125;1787030842631;162196.5625
1787030842641;193208.953125;1787030842641;162207.25
1787030842651;193208.953125;1787030842651;162207.25
1787030842661;193208.953125;1787030842661;162207.25
1787030842671;193208.953125;1787030842671;162207.25
1787030842681;193208.953125;1787030842681;162207.25
1787030842691;193208.953125;1787030842691;162207.25
1787030842701;193247.546875;1787030842701;162228.875
1787030842711;193319.671875;1787030842711;162264.03125
1787030842721;193360.359375;1787030842721;162269.875
1787030842731;193360.359375;1787030842731;162269.875
1787030842741;193360.359375;1787030842741;162269.875
1787030842751;193360.359375;1787030842751;162269.875
1787030842761;193360.359375;1787030842761;162269.875
1787030842771;193360.359375;1787030842771;162269.875
1787030842781;193482.484375;1787030842781;162305.328125
1787030842791;193529.453125;1787030842791;162326.203125
1787030842801;193529.453125;1787030842801;162326.203125
1787030842811;193529.453125;1787030842811;162326.203125
1787030842821;193529.453125;1787030842821;162326.203125
1787030842831;193529.453125;1787030842831;162326.203125
1787030842841;193529.453125;1787030842841;162326.203125
1787030842851;193039.875;1787030842851;162159.828125
1787030842861;192736.640625;1787030842861;162041.21875
1787030842871;192736.640625;1787030842871;162041.21875
1787030842881;192736.640625;1787030842881;162041.21875
1787030842891;192736.640625;1787030842891;162041.21875
1787030842901;192736.640625;1787030842901;162041.21875
1787030842911;192736.640625;1787030842911;162041.21875
1787030842921;192608.640625;1787030842921;161988.109375
1787030842931;192373.65625;1787030842931;161885.515625
1787030842941;192400.625;1787030842941;161894.921875
1787030842951;192400.625;1787030842951;161894.921875
1787030842961;192400.625;1787030842961;161894.921875
1787030842971;192400.625;1787030842971;161894.921875
1787030842981;192400.625;1787030842981;161894.921875
1787030842991;192400.625;1787030842991;161894.921875
1787030843001;192446.5;1787030843001;161900.921875
1787030843011;192472.921875;1787030843011;161900.171875
1787030843021;192486.109375;1787030843021;161905.03125
1787030843031;192486.109375;1787030843031;161905.03125
1787030843041;192486.109375;1787030843041;161905.03125
1787030843051;192486.109375;1787030843051;161905.03125
1787030843061;192486.109375;1787030843061;161905.03125
1787030843071;192486.109375;1787030843071;161905.03125
1787030843081;192675.671875;1787030843081;161983.703125
1787030843091;192675.671875;1787030843091;161983.703125
1787030843101;192718.046875;1787030843101;161992.828125
1787030843111;192718.046875;1787030843111;161992.828125
1787030843121;192718.046875;1787030843121;161992.828125
1787030843131;192718.046875;1787030843131;161992.828125
1787030843141;192718.046875;1787030843141;161992.828125
1787030843151;192718.046875;1787030843151;161992.828125
1787030843161;192675.0625;1787030843161;161955.0625
1787030843171;192675.0625;1787030843171;161955.0625
1787030843181;192675.0625;1787030843181;161955.0625
1787030843191;192675.0625;1787030843191;161955.0625
1787030843201;192675.0625;1787030843201;161955.0625
1787030843211;192675.0625;1787030843211;161955.0625
1787030843221;192666.890625;1787030843221;161955.59375
1787030843231;192701.71875;1787030843231;161977.8125
1787030843241;192749.203125;1787030843241;161992.796875
1787030843251;192749.203125;1787030843251;161992.796875
1787030843261;192749.203125;1787030843261;161992.796875
1787030843271;192749.203125;1787030843271;161992.796875
1787030843281;192749.203125;1787030843281;161992.796875
1787030843291;192749.203125;1787030843291;161992.796875
1787030843301;192865.515625;1787030843301;162020.796875
1787030843311;192883.984375;1787030843311;162027.671875
1787030843321;192926.625;1787030843321;162043.15625
1787030843331;192926.625;1787030843331;162043.15625
1787030843341;192926.625;1787030843341;162043.15625
1787030843351;192926.625;1787030843351;162043.15625
1787030843361;192926.625;1787030843361;162043.15625
1787030843371;192926.625;1787030843371;162043.15625
1787030843381;193098.859375;1787030843381;162090.4375
1787030843391;193098.859375;1787030843391;162090.4375
1787030843401;193123.875;1787030843401;162098.859375
1787030843411;193123.875;1787030843411;162098.859375
1787030843421;193123.875;1787030843421;162098.859375
1787030843431;193123.875;1787030843431;162098.859375
1787030843441;193123.875;1787030843441;162098.859375
1787030843451;193123.875;1787030843451;162098.859375
1787030843461;192970.3125;1787030843461;162039.84375
1787030843471;192730.8125;1787030843471;161950.625
1787030843481;192730.8125;1787030843481;161950.625
1787030843491;192730.8125;1787030843491;161950.625
1787030843501;192730.8125;1787030843501;161950.625
1787030843511;192730.8125;1787030843511;161950.625
1787030843521;192730.8125;1787030843521;161950.625
1787030843531;192454.03125;1787030843531;161845.890625
1787030843541;192073.125;1787030843541;161694.65625
1787030843551;192073.125;1787030843551;161694.65625
1787030843561;192073.125;1787030843561;161694.65625
1787030843571;192073.125;1787030843571;161694.65625
1787030843581;192073.125;1787030843581;161694.65625
1787030843591;192073.125;1787030843591;161694.65625
1787030843601;192112.78125;1787030843601;161696.109375
1787030843611;192112.78125;1787030843611;161696.109375
1787030843621;192134.3125;1787030843621;161702.5
1787030843631;192134.3125;1787030843631;161702.5
1787030843641;192134.3125;1787030843641;161702.5
1787030843651;192134.3125;1787030843651;161702.5
1787030843661;192134.3125;1787030843661;161702.5
1787030843671;192134.3125;1787030843671;161702.5
1787030843681;192274.640625;1787030843681;161744.25
1787030843691;192335.25;1787030843691;161768.96875
1787030843701;192335.25;1787030843701;161768.96875
1787030843711;192335.25;1787030843711;161768.96875
1787030843721;192335.25;1787030843721;161768.96875
1787030843731;192335.25;1787030843731;161768.96875
1787030843741;192335.25;1787030843741;161768.96875
1787030843751;192378.78125;1787030843751;161790.25
1787030843761;192374.46875;1787030843761;161783.359375
1787030843771;192349.8125;1787030843771;161760.15625
1787030843781;192349.8125;1787030843781;161760.15625
1787030843791;192349.8125;1787030843791;161760.15625
1787030843801;192349.8125;1787030843801;161760.15625
1787030843811;192349.8125;1787030843811;161760.15625
1787030843821;192349.8125;1787030843821;161760.15625
1787030843831;192344.828125;1787030843831;161738.171875
1787030843841;192375.859375;1787030843841;161751.296875
1787030843851;192375.859375;1787030843851;161751.296875
1787030843861;192375.859375;1787030843861;161751.296875
1787030843871;192375.859375;1787030843871;161751.296875
1787030843881;192375.859375;1787030843881;161751.296875
1787030843891;192375.859375;1787030843891;161751.296875
1787030843901;192531.03125;1787030843901;161817.421875
1787030843911;192578.96875;1787030843911;161828.21875
1787030843921;192578.96875;1787030843921;161828.21875
1787030843931;192578.96875;1787030843931;161828.21875
1787030843941;192578.96875;1787030843941;161828.21875
1787030843951;192578.96875;1787030843951;161828.21875
1787030843961;192578.96875;1787030843961;161828.21875
1787030843971;192602.9375;1787030843971;161833.28125
1787030843981;192728.421875;1787030843981;161882.203125
1787030843991;192779.28125;1787030843991;161905.5625
1787030844001;192779.28125;1787030844001;161905.5625
1787030844011;192779.28125;1787030844011;161905.5625
1787030844021;192779.28125;1787030844021;161905.5625
1787030844031;192779.28125;1787030844031;161905.5625
1787030844041;192779.28125;1787030844041;161905.5625
1787030844051;192870.890625;1787030844051;161939.28125
1787030844061;192967.125;1787030844061;161965.84375
1787030844071;192977.3125;1787030844071;161965.09375
1787030844081;192977.3125;1787030844081;161965.09375
1787030844091;192977.3125;1787030844091;161965.09375
1787030844101;192977.3125;1787030844101;161965.09375
1787030844111;192977.3125;1787030844111;161965.09375
1787030844121;192977.3125;1787030844121;161965.09375
1787030844131;192412.1875;1787030844131;161751.5625
1787030844141;192412.1875;1787030844141;161751.5625
1787030844151;192130.375;1787030844151;161647.828125
1787030844161;192130.375;1787030844161;161647.828125
1787030844171;192130.375;1787030844171;161647.828125
1787030844181;192130.375;1787030844181;161647.828125
1787030844191;192130.375;1787030844191;161647.828125
1787030844201;192130.375;1787030844201;161647.828125
1787030844211;191890.5;1787030844211;161556.09375
1787030844221;191890.5;1787030844221;161556.09375
1787030844231;191890.5;1787030844231;161556.09375
1787030844241;191890.5;1787030844241;161556.09375
1787030844251;191890.5;1787030844251;161556.09375
1787030844261;191890.5;1787030844261;161556.09375
1787030844271;191932.875;1787030844271;161572.203125
1787030844281;191962.296875;1787030844281;161577.109375
1787030844291;191977.34375;1787030844291;161584.359375
1787030844301;191977.34375;1787030844301;161584.359375
1787030844311;191977.34375;1787030844311;161584.359375
1787030844321;191977.34375;1787030844321;161584.359375
1787030844331;191977.34375;1787030844331;161584.359375
1787030844341;191977.34375;1787030844341;161584.359375
1787030844351;192134.171875;1787030844351;161642
1787030844361;192134.171875;1787030844361;161642
1787030844371;192182.171875;1787030844371;161649.546875
1787030844381;192182.171875;1787030844381;161649.546875
1787030844391;192182.171875;1787030844391;161649.546875
1787030844401;192182.171875;1787030844401;161649.546875
1787030844411;192182.171875;1787030844411;161649.546875
1787030844421;192182.171875;1787030844421;161649.546875
1787030844431;192142.015625;1787030844431;161632.328125
1787030844441;192142.015625;1787030844441;161632.328125
1787030844451;192127.078125;1787030844451;161624.359375
1787030844461;192127.078125;1787030844461;161624.359375
1787030844471;192127.078125;1787030844471;161624.359375
1787030844481;192127.078125;1787030844481;161624.359375
1787030844491;192127.078125;1787030844491;161624.359375
1787030844501;192127.078125;1787030844501;161624.359375
1787030844511;192233.828125;1787030844511;161651.125
1787030844521;192233.828125;1787030844521;161651.125
1787030844531;192233.828125;1787030844531;161651.125
1787030844541;192233.828125;1787030844541;161651.125
1787030844551;192233.828125;1787030844551;161651.125
1787030844561;192233.828125;1787030844561;161651.125
1787030844571;192353.59375;1787030844571;161701.703125
1787030844581;192412.4375;1787030844581;161715.625
1787030844591;192470.15625;1787030844591;161726.734375
1787030844601;192470.15625;1787030844601;161726.734375
1787030844611;192470.15625;1787030844611;161726.734375
1787030844621;192470.15625;1787030844621;161726.734375
1787030844631;192470.15625;1787030844631;161726.734375
1787030844641;192470.15625;1787030844641;161726.734375
1787030844651;192630.84375;1787030844651;161782.1875
1787030844661;192630.84375;1787030844661;161782.1875
1787030844671;192654.703125;1787030844671;161792.125
1787030844681;192654.703125;1787030844681;161792.125
1787030844691;192654.703125;1787030844691;161792.125
1787030844701;192654.703125;1787030844701;161792.125
1787030844711;192654.703125;1787030844711;161792.125
1787030844721;192654.703125;1787030844721;161792.125
1787030844731;192765.5625;1787030844731;161838.375
1787030844741;192805.453125;1787030844741;161857.4375
1787030844751;192805.453125;1787030844751;161857.4375
1787030844761;192805.453125;1787030844761;161857.4375
1787030844771;192805.453125;1787030844771;161857.4375
1787030844781;192805.453125;1787030844781;161857.4375
1787030844791;192805.453125;1787030844791;161857.4375
1787030844801;192827.859375;1787030844801;161866.3125
1787030844811;192939.296875;1787030844811;161894.765625
1787030844821;192984.890625;1787030844821;161909.015625
1787030844831;192984.890625;1787030844831;161909.015625
1787030844841;192984.890625;1787030844841;161909.015625
1787030844851;192984.890625;1787030844851;161909.015625
1787030844861;192984.890625;1787030844861;161909.015625
1787030844871;192984.890625;1787030844871;161909.015625
1787030844881;193064.734375;1787030844881;161939.0625
1787030844891;193150.140625;1787030844891;161975.796875
1787030844901;193150.140625;1787030844901;161975.796875
1787030844911;193150.140625;1787030844911;161975.796875
1787030844921;193150.140625;1787030844921;161975.796875
1787030844931;193150.140625;1787030844931;161975.796875
1787030844941;193150.140625;1787030844941;161975.796875
1787030844951;193304.796875;1787030844951;162034.828125
1787030844961;193328.15625;1787030844961;162041.125
1787030844971;193353;1787030844971;162048.234375
1787030844981;193353;1787030844981;162048.234375
1787030844991;193353;1787030844991;162048.234375
1787030845001;193353;1787030845001;162048.234375
1787030845011;193353;1787030845011;162048.234375
1787030845021;193353;1787030845021;162048.234375
1787030845031;193526.15625;1787030845031;162103.734375
1787030845041;193575.015625;1787030845041;162120.859375
1787030845051;193575.015625;1787030845051;162120.859375
1787030845061;193575.015625;1787030845061;162120.859375
1787030845071;193575.015625;1787030845071;162120.859375
1787030845081;193575.015625;1787030845081;162120.859375
1787030845091;193575.015625;1787030845091;162120.859375
1787030845101;193633.921875;1787030845101;162143.890625
1787030845111;193802.640625;1787030845111;162200.28125
1787030845121;193820.71875;1787030845121;162203.65625
1787030845131;193820.71875;1787030845131;162203.65625
1787030845141;193820.71875;1787030845141;162203.65625
1787030845151;193820.71875;1787030845151;162203.65625
1787030845161;193820.71875;1787030845161;162203.65625
1787030845171;193820.71875;1787030845171;162203.65625
1787030845181;193111.046875;1787030845181;161940.328125
1787030845191;193111.046875;1787030845191;161940.328125
1787030845201;192746.140625;1787030845201;161802.796875
1787030845211;192746.140625;1787030845211;161802.796875
1787030845221;192746.140625;1787030845221;161802.796875
1787030845231;192746.140625;1787030845231;161802.796875
1787030845241;192746.140625;1787030845241;161802.796875
1787030845251;192746.140625;1787030845251;161802.796875
1787030845261;192418.453125;1787030845261;161675.5
1787030845271;192418.453125;1787030845271;161675.5
1787030845281;192418.453125;1787030845281;161675.5
1787030845291;192418.453125;1787030845291;161675.5
1787030845301;192418.453125;1787030845301;161675.5
1787030845311;192418.453125;1787030845311;161675.5
1787030845321;192467.265625;1787030845321;161699.703125
1787030845331;192554.1875;1787030845331;161737.203125
1787030845341;192557.609375;1787030845341;161734.40625
1787030845351;192557.609375;1787030845351;161734.40625
1787030845361;192557.609375;1787030845361;161734.40625
1787030845371;192557.609375;1787030845371;161734.40625
1787030845381;192557.609375;1787030845381;161734.40625
1787030845391;192557.609375;1787030845391;161734.40625
1787030845401;192649.1875;1787030845401;161761.015625
1787030845411;192649.1875;1787030845411;161761.015625
1787030845421;192698.515625;1787030845421;161782.921875
1787030845431;192698.515625;1787030845431;161782.921875
1787030845441;192698.515625;1787030845441;161782.921875
1787030845451;192698.515625;1787030845451;161782.921875
1787030845461;192698.515625;1787030845461;161782.921875
1787030845471;192698.515625;1787030845471;161782.921875
1787030845481;192719.515625;1787030845481;161783.09375
1787030845491;192719.515625;1787030845491;161783.09375
1787030845501;192698.546875;1787030845501;161767.5625
1787030845511;192698.546875;1787030845511;161767.5625
1787030845521;192698.546875;1787030845521;161767.5625
1787030845531;192698.546875;1787030845531;161767.5625
1787030845541;192698.546875;1787030845541;161767.5625
1787030845551;192698.546875;1787030845551;161767.5625
1787030845561;192734.75;1787030845561;161770.78125
1787030845571;192734.75;1787030845571;161770.78125
1787030845581;192734.75;1787030845581;161770.78125
1787030845591;192734.75;1787030845591;161770.78125
1787030845601;192734.75;1787030845601;161770.78125
1787030845611;192734.75;1787030845611;161770.78125
1787030845621;192875.125;1787030845621;161823.9375
1787030845631;192902.125;1787030845631;161833.5625
1787030845641;192950.5625;1787030845641;161850.78125
1787030845651;192950.5625;1787030845651;161850.78125
1787030845661;192950.5625;1787030845661;161850.78125
1787030845671;192950.5625;1787030845671;161850.78125
1787030845681;192950.5625;1787030845681;161850.78125
1787030845691;192950.5625;1787030845691;161850.78125
1787030845701;193116.109375;1787030845701;161901.015625
1787030845711;193116.109375;1787030845711;161901.015625
1787030845721;193178.296875;1787030845721;161921.3125
1787030845731;193178.296875;1787030845731;161921.3125
1787030845741;193178.296875;1787030845741;161921.3125
1787030845751;193178.296875;1787030845751;161921.3125
1787030845761;193178.296875;1787030845761;161921.3125
1787030845771;193178.296875;1787030845771;161921.3125
1787030845781;193333.390625;1787030845781;161979.09375
1787030845791;193333.390625;1787030845791;161979.09375
1787030845801;193355.765625;1787030845801;161987.1875
1787030845811;193355.765625;1787030845811;161987.1875
1787030845821;193355.765625;1787030845821;161987.1875
1787030845831;193355.765625;1787030845831;161987.1875
1787030845841;193355.765625;1787030845841;161987.1875
1787030845851;193355.765625;1787030845851;161987.1875
1787030845861;193487.140625;1787030845861;162030.703125
1787030845871;193487.140625;1787030845871;162030.703125
1787030845881;193487.140625;1787030845881;162030.703125
1787030845891;193487.140625;1787030845891;162030.703125
1787030845901;193487.140625;1787030845901;162030.703125
1787030845911;193487.140625;1787030845911;162030.703125
1787030845921;193614.625;1787030845921;162084.546875
1787030845931;193661.375;1787030845931;162100.0625
1787030845941;193684.234375;1787030845941;162105.515625
1787030845951;193684.234375;1787030845951;162105.515625
1787030845961;193684.234375;1787030845961;162105.515625
1787030845971;193684.234375;1787030845971;162105.515625
1787030845981;193684.234375;1787030845981;162105.515625
1787030845991;193684.234375;1787030845991;162105.515625
1787030846001;193831.21875;1787030846001;162145.453125
1787030846011;193831.21875;1787030846011;162145.453125
1787030846021;193887.734375;1787030846021;162173.59375
1787030846031;193887.734375;1787030846031;162173.59375
1787030846041;193887.734375;1787030846041;162173.59375
1787030846051;193887.734375;1787030846051;162173.59375
1787030846061;193887.734375;1787030846061;162173.59375
1787030846071;193887.734375;1787030846071;162173.59375
1787030846081;194117.421875;1787030846081;162262.53125
1787030846091;194105.734375;1787030846091;162254.265625
1787030846101;194105.734375;1787030846101;162254.265625
1787030846111;194105.734375;1787030846111;162254.265625
1787030846121;194105.734375;1787030846121;162254.265625
1787030846131;194105.734375;1787030846131;162254.265625
1787030846141;194105.734375;1787030846141;162254.265625
1787030846151;194045.515625;1787030846151;162231.296875
1787030846161;193328.203125;1787030846161;161959.203125
1787030846171;193086.15625;1787030846171;161866.5
1787030846181;193086.15625;1787030846181;161866.5
1787030846191;193086.15625;1787030846191;161866.5
1787030846201;193086.15625;1787030846201;161866.5
1787030846211;193086.15625;1787030846211;161866.5
1787030846221;193086.15625;1787030846221;161866.5
1787030846231;192957.828125;1787030846231;161824.8125
1787030846241;192999.375;1787030846241;161851.171875
1787030846251;192999.375;1787030846251;161851.171875
1787030846261;192999.375;1787030846261;161851.171875
1787030846271;192999.375;1787030846271;161851.171875
1787030846281;192999.375;1787030846281;161851.171875
1787030846291;192999.375;1787030846291;161851.171875
1787030846301;193111.5;1787030846301;161886.296875
1787030846311;193125.4375;1787030846311;161887.859375
1787030846321;193140.765625;1787030846321;161890.578125
1787030846331;193140.765625;1787030846331;161890.578125
1787030846341;193140.765625;1787030846341;161890.578125
1787030846351;193140.765625;1787030846351;161890.578125
1787030846361;193140.765625;1787030846361;161890.578125
1787030846371;193140.765625;1787030846371;161890.578125
1787030846381;193287.375;1787030846381;161959.140625
1787030846391;193312.03125;1787030846391;161972.8125
1787030846401;193312.03125;1787030846401;161972.8125
1787030846411;193312.03125;1787030846411;161972.8125
1787030846421;193312.03125;1787030846421;161972.8125
1787030846431;193312.03125;1787030846431;161972.8125
1787030846441;193312.03125;1787030846441;161972.8125
1787030846451;193349.03125;1787030846451;161989.078125
1787030846461;193329.90625;1787030846461;161969.046875
1787030846471;193311.8125;1787030846471;161953.75
1787030846481;193311.8125;1787030846481;161953.75
1787030846491;193311.8125;1787030846491;161953.75
1787030846501;193311.8125;1787030846501;161953.75
1787030846511;193311.8125;1787030846511;161953.75
1787030846521;193311.8125;1787030846521;161953.75
1787030846531;193368.53125;1787030846531;161975.421875
1787030846541;193368.53125;1787030846541;161975.421875
1787030846551;193423.328125;1787030846551;161995.4375
1787030846561;193423.328125;1787030846561;161995.4375
1787030846571;193423.328125;1787030846571;161995.4375
1787030846581;193423.328125;1787030846581;161995.4375
1787030846591;193423.328125;1787030846591;161995.4375
1787030846601;193423.328125;1787030846601;161995.4375
1787030846611;193591.921875;1787030846611;162047.671875
1787030846621;193591.921875;1787030846621;162047.671875
1787030846631;193591.921875;1787030846631;162047.671875
1787030846641;193591.921875;1787030846641;162047.671875
1787030846651;193591.921875;1787030846651;162047.671875
1787030846661;193591.921875;1787030846661;162047.671875
1787030846671;193635.671875;1787030846671;162061.96875
1787030846681;193727.359375;1787030846681;162099.265625
1787030846691;193778.90625;1787030846691;162122.15625
1787030846701;193778.90625;1787030846701;162122.15625
1787030846711;193778.90625;1787030846711;162122.15625
1787030846721;193778.90625;1787030846721;162122.15625
1787030846731;193778.90625;1787030846731;162122.15625
1787030846741;193778.90625;1787030846741;162122.15625
1787030846751;193848.453125;1787030846751;162166.609375
1787030846761;193893.390625;1787030846761;162181.640625
1787030846771;193920.203125;1787030846771;162190.578125
1787030846781;193920.203125;1787030846781;162190.578125
1787030846791;193920.203125;1787030846791;162190.578125
1787030846801;193920.203125;1787030846801;162190.578125
1787030846811;193920.203125;1787030846811;162190.578125
1787030846821;193920.203125;1787030846821;162190.578125
1787030846831;194034.328125;1787030846831;162215.125
1787030846841;194034.328125;1787030846841;162215.125
1787030846851;194081.0625;1787030846851;162225.265625
1787030846861;194081.0625;1787030846861;162225.265625
1787030846871;194081.0625;1787030846871;162225.265625
1787030846881;194081.0625;1787030846881;162225.265625
1787030846891;194081.0625;1787030846891;162225.265625
1787030846901;194081.0625;1787030846901;162225.265625
1787030846911;194277.765625;1787030846911;162300.953125
1787030846921;194277.765625;1787030846921;162300.953125
1787030846931;194277.765625;1787030846931;162300.953125
1787030846941;194277.765625;1787030846941;162300.953125
1787030846951;194277.765625;1787030846951;162300.953125
1787030846961;194277.765625;1787030846961;162300.953125
1787030846971;194285.578125;1787030846971;162301.15625
1787030846981;193912.6875;1787030846981;162151.984375
1787030846991;193608.34375;1787030846991;162042.796875
1787030847001;193608.34375;1787030847001;162042.796875
1787030847011;193608.34375;1787030847011;162042.796875
1787030847021;193608.34375;1787030847021;162042.796875
1787030847031;193608.34375;1787030847031;162042.796875
1787030847041;193608.34375;1787030847041;162042.796875
1787030847051;193204.5625;1787030847051;161904.390625
1787030847061;193193.25;1787030847061;161899.578125
1787030847071;193197.890625;1787030847071;161900.046875
1787030847081;193197.890625;1787030847081;161900.046875
1787030847091;193197.890625;1787030847091;161900.046875
1787030847101;193197.890625;1787030847101;161900.046875
1787030847111;193197.890625;1787030847111;161900.046875
1787030847121;193197.890625;1787030847121;161900.046875
1787030847131;193474.28125;1787030847131;161995.3125
1787030847141;193474.28125;1787030847141;161995.3125
1787030847151;193515.578125;1787030847151;162009.9375
1787030847161;193515.578125;1787030847161;162009.9375
1787030847171;193515.578125;1787030847171;162009.9375
1787030847181;193515.578125;1787030847181;162009.9375
1787030847191;193515.578125;1787030847191;162009.9375
1787030847201;193515.578125;1787030847201;162009.9375
1787030847211;193519.765625;1787030847211;162011.203125
1787030847221;193519.765625;1787030847221;162011.203125
1787030847231;193519.765625;1787030847231;162011.203125
1787030847241;193519.765625;1787030847241;162011.203125
1787030847251;193519.765625;1787030847251;162011.203125
1787030847261;193519.765625;1787030847261;162011.203125
1787030847271;193590.40625;1787030847271;162032.109375
1787030847281;193573.453125;1787030847281;162022.5625
1787030847291;193564.703125;1787030847291;162016.71875
1787030847301;193564.703125;1787030847301;162016.71875
1787030847311;193564.703125;1787030847311;162016.71875
1787030847321;193564.703125;1787030847321;162016.71875
1787030847331;193564.703125;1787030847331;162016.71875
1787030847341;193564.703125;1787030847341;162016.71875
1787030847351;193509.8125;1787030847351;161992.40625
1787030847361;193509.8125;1787030847361;161992.40625
1787030847371;193530.125;1787030847371;162006.265625
1787030847381;193530.125;1787030847381;162006.265625
1787030847391;193530.125;1787030847391;162006.265625
1787030847401;193530.125;1787030847401;162006.265625
1787030847411;193530.125;1787030847411;162006.265625
1787030847421;193530.125;1787030847421;162006.265625
1787030847431;193809.8125;1787030847431;162108.21875
1787030847441;193876.140625;1787030847441;162131.828125
1787030847451;193876.140625;1787030847451;162131.828125
1787030847461;193876.140625;1787030847461;162131.828125
1787030847471;193876.140625;1787030847471;162131.828125
1787030847481;193876.140625;1787030847481;162131.828125
1787030847491;193876.140625;1787030847491;162131.828125
1787030847501;193903.296875;1787030847501;162141.25
1787030847511;194029.109375;1787030847511;162189.390625
1787030847521;194052.1875;1787030847521;162200.5
1787030847531;194052.1875;1787030847531;162200.5
1787030847541;194052.1875;1787030847541;162200.5
1787030847551;194052.1875;1787030847551;162200.5
1787030847561;194052.1875;1787030847561;162200.5
1787030847571;194052.1875;1787030847571;162200.5
1787030847581;194149.5625;1787030847581;162232.59375
1787030847591;194164.78125;1787030847591;162234.890625
1787030847601;194164.78125;1787030847601;162234.890625
1787030847611;194164.78125;1787030847611;162234.890625
1787030847621;194164.78125;1787030847621;162234.890625
1787030847631;194164.78125;1787030847631;162234.890625
1787030847641;194164.78125;1787030847641;162234.890625
1787030847651;194332.609375;1787030847651;162305.15625
1787030847661;194374.96875;1787030847661;162319.4375
1787030847671;194374.96875;1787030847671;162319.4375
1787030847681;194374.96875;1787030847681;162319.4375
1787030847691;194374.96875;1787030847691;162319.4375
1787030847701;194374.96875;1787030847701;162319.4375
1787030847711;194374.96875;1787030847711;162319.4375
1787030847721;194460.28125;1787030847721;162346.21875
1787030847731;194430.90625;1787030847731;162329.765625
1787030847741;194214.921875;1787030847741;162249.453125
1787030847751;194214.921875;1787030847751;162249.453125
1787030847761;194214.921875;1787030847761;162249.453125
1787030847771;194214.921875;1787030847771;162249.453125
1787030847781;194214.921875;1787030847781;162249.453125
1787030847791;194214.921875;1787030847791;162249.453125
1787030847801;193498.5625;1787030847801;161993.65625
1787030847811;193418.953125;1787030847811;161965
1787030847821;193347.3125;1787030847821;161937.6875
1787030847831;193347.3125;1787030847831;161937.6875
1787030847841;193347.3125;1787030847841;161937.6875
1787030847851;193347.3125;1787030847851;161937.6875
1787030847861;193347.3125;1787030847861;161937.6875
1787030847871;193347.3125;1787030847871;161937.6875
1787030847881;193461.609375;1787030847881;161989.03125
1787030847891;193461.609375;1787030847891;161989.03125
1787030847901;193489;1787030847901;162000.46875
1787030847911;193489;1787030847911;162000.46875
1787030847921;193489;1787030847921;162000.46875
1787030847931;193489;1787030847931;162000.46875
1787030847941;193489;1787030847941;162000.46875
1787030847951;193489;1787030847951;162000.46875
1787030847961;193596.8125;1787030847961;162047.03125
1787030847971;193596.8125;1787030847971;162047.03125
1787030847981;193596.8125;1787030847981;162047.03125
1787030847991;193596.8125;1787030847991;162047.03125
1787030848001;193596.8125;1787030848001;162047.03125
1787030848011;193596.8125;1787030848011;162047.03125
1787030848021;193738.75;1787030848021;162083.4375
1787030848031;193771.515625;1787030848031;162087.34375
1787030848041;193771.203125;1787030848041;162083.609375
1787030848051;193771.203125;1787030848051;162083.609375
1787030848061;193771.203125;1787030848061;162083.609375
1787030848071;193771.203125;1787030848071;162083.609375
1787030848081;193771.203125;1787030848081;162083.609375
1787030848091;193771.203125;1787030848091;162083.609375
1787030848101;193745.6875;1787030848101;162085.796875
1787030848111;193745.6875;1787030848111;162085.796875
1787030848121;193755.375;1787030848121;162089.515625
1787030848131;193755.375;1787030848131;162089.515625
1787030848141;193755.375;1787030848141;162089.515625
1787030848151;193755.375;1787030848151;162089.515625
1787030848161;193755.375;1787030848161;162089.515625
1787030848171;193755.375;1787030848171;162089.515625
1787030848181;193888.15625;1787030848181;162132.234375
1787030848191;193952.546875;1787030848191;162158.421875
1787030848201;193952.546875;1787030848201;162158.421875
1787030848211;193952.546875;1787030848211;162158.421875
1787030848221;193952.546875;1787030848221;162158.421875
1787030848231;193952.546875;1787030848231;162158.421875
1787030848241;193952.546875;1787030848241;162158.421875
1787030848251;193986.875;1787030848251;162171.328125
1787030848261;194155.671875;1787030848261;162219.984375
1787030848271;194216.65625;1787030848271;162243.015625
1787030848281;194216.65625;1787030848281;162243.015625
1787030848291;194216.65625;1787030848291;162243.015625
1787030848301;194216.65625;1787030848301;162243.015625
1787030848311;194216.65625;1787030848311;162243.015625
1787030848321;194216.65625;1787030848321;162243.015625
1787030848331;194329.21875;1787030848331;162293.125
1787030848341;194377.328125;1787030848341;162308.5
1787030848351;194377.328125;1787030848351;162308.5
1787030848361;194377.328125;1787030848361;162308.5
1787030848371;194377.328125;1787030848371;162308.5
1787030848381;194377.328125;1787030848381;162308.5
1787030848391;194377.328125;1787030848391;162308.5
1787030848401;194507.0625;1787030848401;162349.828125
1787030848411;194527.6875;1787030848411;162356.453125
1787030848421;194547.734375;1787030848421;162362.53125
1787030848431;194547.734375;1787030848431;162362.53125
1787030848441;194547.734375;1787030848441;162362.53125
1787030848451;194547.734375;1787030848451;162362.53125
1787030848461;194547.734375;1787030848461;162362.53125
1787030848471;194547.734375;1787030848471;162362.53125
1787030848481;194676.90625;1787030848481;162421.1875
1787030848491;194726.671875;1787030848491;162442.578125
1787030848501;194726.671875;1787030848501;162442.578125
1787030848511;194726.671875;1787030848511;162442.578125
1787030848521;194726.671875;1787030848521;162442.578125
1787030848531;194726.671875;1787030848531;162442.578125
1787030848541;194726.671875;1787030848541;162442.578125
1787030848551;194813.796875;1787030848551;162463.78125
1787030848561;194853.234375;1787030848561;162469.171875
1787030848571;194818.375;1787030848571;162456.125
1787030848581;194818.375;1787030848581;162456.125
1787030848591;194818.375;1787030848591;162456.125
1787030848601;194818.375;1787030848601;162456.125
1787030848611;194818.375;1787030848611;162456.125
1787030848621;194818.375;1787030848621;162456.125
1787030848631;193913.078125;1787030848631;162130.328125
1787030848641;193913.078125;1787030848641;162130.328125
1787030848651;193625.984375;1787030848651;162031.6875
1787030848661;193625.984375;1787030848661;162031.6875
1787030848671;193625.984375;1787030848671;162031.6875
1787030848681;193625.984375;1787030848681;162031.6875
1787030848691;193625.984375;1787030848691;162031.6875
1787030848701;193625.984375;1787030848701;162031.6875
1787030848711;193520.109375;1787030848711;161973.78125
1787030848721;193520.109375;1787030848721;161973.78125
1787030848731;193520.109375;1787030848731;161973.78125
1787030848741;193520.109375;1787030848741;161973.78125
1787030848751;193520.109375;1787030848751;161973.78125
1787030848761;193520.109375;1787030848761;161973.78125
1787030848771;193612.71875;1787030848771;162003.90625
1787030848781;193661.28125;1787030848781;162035.484375
1787030848791;193665.078125;1787030848791;162046.125
1787030848801;193665.078125;1787030848801;162046.125
1787030848811;193665.078125;1787030848811;162046.125
1787030848821;193665.078125;1787030848821;162046.125
1787030848831;193665.078125;1787030848831;162046.125
1787030848841;193665.078125;1787030848841;162046.125
1787030848851;193893.15625;1787030848851;162128.359375
1787030848861;193975.625;1787030848861;162156.59375
1787030848871;194076.765625;1787030848871;162191.890625
1787030848881;194076.765625;1787030848881;162191.890625
1787030848891;194076.765625;1787030848891;162191.890625
1787030848901;194076.765625;1787030848901;162191.890625
1787030848911;194076.765625;1787030848911;162191.890625
1787030848921;194076.765625;1787030848921;162191.890625
1787030848931;193856.421875;1787030848931;162104
1787030848941;193856.421875;1787030848941;162104
1787030848951;193844.65625;1787030848951;162100.078125
1787030848961;193844.65625;1787030848961;162100.078125
1787030848971;193844.65625;1787030848971;162100.078125
1787030848981;193844.65625;1787030848981;162100.078125
1787030848991;193844.65625;1787030848991;162100.078125
1787030849001;193844.65625;1787030849001;162100.078125
1787030849011;193854.71875;1787030849011;162106.8125
1787030849021;193854.71875;1787030849021;162106.8125
1787030849031;193854.71875;1787030849031;162106.8125
1787030849041;193854.71875;1787030849041;162106.8125
1787030849051;193854.71875;1787030849051;162106.8125
1787030849061;193854.71875;1787030849061;162106.8125
1787030849071;194047.53125;1787030849071;162169.6875
1787030849081;194143.921875;1787030849081;162202.515625
1787030849091;194210.28125;1787030849091;162221.59375
1787030849101;194210.28125;1787030849101;162221.59375
1787030849111;194210.28125;1787030849111;162221.59375
1787030849121;194210.28125;1787030849121;162221.59375
1787030849131;194210.28125;1787030849131;162221.59375
1787030849141;194210.28125;1787030849141;162221.59375
1787030849151;194377.078125;1787030849151;162293.15625
1787030849161;194377.078125;1787030849161;162293.15625
1787030849171;194403.4375;1787030849171;162307.546875
1787030849181;194403.4375;1787030849181;162307.546875
1787030849191;194403.4375;1787030849191;162307.546875
1787030849201;194403.4375;1787030849201;162307.546875
1787030849211;194403.4375;1787030849211;162307.546875
1787030849221;194403.4375;1787030849221;162307.546875
1787030849231;194540.6875;1787030849231;162355.59375
1787030849241;194564;1787030849241;162362.28125
1787030849251;194586.1875;1787030849251;162368.78125
1787030849261;194586.1875;1787030849261;162368.78125
1787030849271;194586.1875;1787030849271;162368.78125
1787030849281;194586.1875;1787030849281;162368.78125
1787030849291;194586.1875;1787030849291;162368.78125
1787030849301;194586.1875;1787030849301;162368.78125
1787030849311;194711.140625;1787030849311;162408.25
1787030849321;194711.140625;1787030849321;162408.25
1787030849331;194711.140625;1787030849331;162408.25
1787030849341;194711.140625;1787030849341;162408.25
1787030849351;194711.140625;1787030849351;162408.25
1787030849361;194711.140625;1787030849361;162408.25
1787030849371;194720.484375;1787030849371;162404.546875
1787030849381;194700.125;1787030849381;162398.28125
1787030849391;194720.15625;1787030849391;162405.59375
1787030849401;194720.15625;1787030849401;162405.59375
1787030849411;194720.15625;1787030849411;162405.59375
1787030849421;194720.15625;1787030849421;162405.59375
1787030849431;194720.15625;1787030849431;162405.59375
1787030849441;194720.15625;1787030849441;162405.59375
1787030849451;194777.015625;1787030849451;162418.03125
1787030849461;194777.015625;1787030849461;162418.03125
1787030849471;194456.5625;1787030849471;162306.03125
1787030849481;194456.5625;1787030849481;162306.03125
1787030849491;194456.5625;1787030849491;162306.03125
1787030849501;194456.5625;1787030849501;162306.03125
1787030849511;194456.5625;1787030849511;162306.03125
1787030849521;194456.5625;1787030849521;162306.03125
1787030849531;193583.671875;1787030849531;161985.609375
1787030849541;193548.421875;1787030849541;161975.546875
1787030849551;193548.421875;1787030849551;161975.546875
1787030849561;193548.421875;1787030849561;161975.546875
1787030849571;193548.421875;1787030849571;161975.546875
1787030849581;193548.421875;1787030849581;161975.546875
1787030849591;193548.421875;1787030849591;161975.546875
1787030849601;193584.390625;1787030849601;161993.96875
1787030849611;193714.421875;1787030849611;162044.625
1787030849621;193745.75;1787030849621;162054.875
1787030849631;193745.75;1787030849631;162054.875
1787030849641;193745.75;1787030849641;162054.875
1787030849651;193745.75;1787030849651;162054.875
1787030849661;193745.75;1787030849661;162054.875
1787030849671;193745.75;1787030849671;162054.875
1787030849681;193860.515625;1787030849681;162086.109375
1787030849691;193881.78125;1787030849691;162093.609375
1787030849701;193881.78125;1787030849701;162093.609375
1787030849711;193881.78125;1787030849711;162093.609375
1787030849721;193881.78125;1787030849721;162093.609375
1787030849731;193881.78125;1787030849731;162093.609375
1787030849741;193881.78125;1787030849741;162093.609375
1787030849751;194011.6875;1787030849751;162146
1787030849761;194008;1787030849761;162140.859375
1787030849771;193998.75;1787030849771;162133.71875
1787030849781;193998.75;1787030849781;162133.71875
1787030849791;193998.75;1787030849791;162133.71875
1787030849801;193998.75;1787030849801;162133.71875
1787030849811;193998.75;1787030849811;162133.71875
1787030849821;193998.75;1787030849821;162133.71875
1787030849831;193956.515625;1787030849831;162117.46875
1787030849841;193966.828125;1787030849841;162123.15625
1787030849851;193966.828125;1787030849851;162123.15625
1787030849861;193966.828125;1787030849861;162123.15625
1787030849871;193966.828125;1787030849871;162123.15625
1787030849881;193966.828125;1787030849881;162123.15625
1787030849891;193966.828125;1787030849891;162123.15625
1787030849901;194030.46875;1787030849901;162152.109375
1787030849911;194129.8125;1787030849911;162192.390625
1787030849921;194208.421875;1787030849921;162224.34375
1787030849931;194208.421875;1787030849931;162224.34375
1787030849941;194208.421875;1787030849941;162224.34375
1787030849951;194208.421875;1787030849951;162224.34375
1787030849961;194208.421875;1787030849961;162224.34375
1787030849971;194208.421875;1787030849971;162224.34375
1787030849981;194391.078125;1787030849981;162298.46875
1787030849991;194418.71875;1787030849991;162307.1875
1787030850001;194418.71875;1787030850001;162307.1875
1787030850011;194418.71875;1787030850011;162307.1875
1787030850021;194418.71875;1787030850021;162307.1875
1787030850031;194418.71875;1787030850031;162307.1875
1787030850041;194418.71875;1787030850041;162307.1875
1787030850051;194587.328125;1787030850051;162348.046875
1787030850061;194607.828125;1787030850061;162356.171875
1787030850071;194607.828125;1787030850071;162356.171875
1787030850081;194607.828125;1787030850081;162356.171875
1787030850091;194607.828125;1787030850091;162356.171875
1787030850101;194607.828125;1787030850101;162356.171875
1787030850111;194607.828125;1787030850111;162356.171875
1787030850121;194652.40625;1787030850121;162380.703125
1787030850131;194679.125;1787030850131;162392.921875
1787030850141;194697.796875;1787030850141;162393.78125
1787030850151;194697.796875;1787030850151;162393.78125
1787030850161;194697.796875;1787030850161;162393.78125
1787030850171;194697.796875;1787030850171;162393.78125
1787030850181;194697.796875;1787030850181;162393.78125
1787030850191;194697.796875;1787030850191;162393.78125
1787030850201;194791.140625;1787030850201;162422.21875
1787030850211;194824.15625;1787030850211;162436.859375
1787030850221;194906.203125;1787030850221;162470.609375
1787030850231;194906.203125;1787030850231;162470.609375
1787030850241;194906.203125;1787030850241;162470.609375
1787030850251;194906.203125;1787030850251;162470.609375
1787030850261;194906.203125;1787030850261;162470.609375
1787030850271;194906.203125;1787030850271;162470.609375
1787030850281;194774.75;1787030850281;162409.828125
1787030850291;194774.75;1787030850291;162409.828125
1787030850301;194615.75;1787030850301;162351.078125
1787030850311;194615.75;1787030850311;162351.078125
1787030850321;194615.75;1787030850321;162351.078125
1787030850331;194615.75;1787030850331;162351.078125
1787030850341;194615.75;1787030850341;162351.078125
1787030850351;194615.75;1787030850351;162351.078125
1787030850361;193608.4375;1787030850361;161990.90625
1787030850371;193608.4375;1787030850371;161990.90625
1787030850381;193608.4375;1787030850381;161990.90625
1787030850391;193608.4375;1787030850391;161990.90625
1787030850401;193608.4375;1787030850401;161990.90625
1787030850411;193608.4375;1787030850411;161990.90625
1787030850421;193556.171875;1787030850421;161977.625
1787030850431;193627.171875;1787030850431;161997.796875
1787030850441;193662.09375;1787030850441;162007.453125
1787030850451;193662.09375;1787030850451;162007.453125
1787030850461;193662.09375;1787030850461;162007.453125
1787030850471;193662.09375;1787030850471;162007.453125
1787030850481;193662.09375;1787030850481;162007.453125
1787030850491;193662.09375;1787030850491;162007.453125
1787030850501;193804.71875;1787030850501;162057.484375
1787030850511;193828.109375;1787030850511;162066.71875
1787030850521;193854.4375;1787030850521;162076.71875
1787030850531;193854.4375;1787030850531;162076.71875
1787030850541;193854.4375;1787030850541;162076.71875
1787030850551;193854.4375;1787030850551;162076.71875
1787030850561;193854.4375;1787030850561;162076.71875
1787030850571;193854.4375;1787030850571;162076.71875
1787030850581;193968.9375;1787030850581;162109.96875
1787030850591;193946.46875;1787030850591;162096.15625
1787030850601;193946.46875;1787030850601;162096.15625
1787030850611;193946.46875;1787030850611;162096.15625
1787030850621;193946.46875;1787030850621;162096.15625
1787030850631;193946.46875;1787030850631;162096.15625
1787030850641;193946.46875;1787030850641;162096.15625
1787030850651;193909.421875;1787030850651;162081.53125
1787030850661;193908.796875;1787030850661;162088.40625
1787030850671;193926.28125;1787030850671;162095.328125
1787030850681;193926.28125;1787030850681;162095.328125
1787030850691;193926.28125;1787030850691;162095.328125
1787030850701;193926.28125;1787030850701;162095.328125
1787030850711;193926.28125;1787030850711;162095.328125
1787030850721;193926.28125;1787030850721;162095.328125
1787030850731;193957.375;1787030850731;162100.875
1787030850741;193970.375;1787030850741;162104.765625
1787030850751;194048.859375;1787030850751;162134.3125
1787030850761;194048.859375;1787030850761;162134.3125
1787030850771;194048.859375;1787030850771;162134.3125
1787030850781;194048.859375;1787030850781;162134.3125
1787030850791;194048.859375;1787030850791;162134.3125
1787030850801;194048.859375;1787030850801;162134.3125
1787030850811;194399.765625;1787030850811;162270.84375
1787030850821;194399.765625;1787030850821;162270.84375
1787030850831;194399.765625;1787030850831;162270.84375
1787030850841;194399.765625;1787030850841;162270.84375
1787030850851;194399.765625;1787030850851;162270.84375
1787030850861;194399.765625;1787030850861;162270.84375
1787030850871;194448.171875;1787030850871;162283.078125
1787030850881;194532.3125;1787030850881;162314.28125
1787030850891;194551.03125;1787030850891;162322.828125
1787030850901;194551.03125;1787030850901;162322.828125
1787030850911;194551.03125;1787030850911;162322.828125
1787030850921;194551.03125;1787030850921;162322.828125
1787030850931;194551.03125;1787030850931;162322.828125
1787030850941;194551.03125;1787030850941;162322.828125
1787030850951;194527.15625;1787030850951;162320.453125
1787030850961;194502;1787030850961;162312.078125
1787030850971;194498.859375;1787030850971;162309.15625
1787030850981;194498.859375;1787030850981;162309.15625
1787030850991;194498.859375;1787030850991;162309.15625
1787030851001;194498.859375;1787030851001;162309.15625
1787030851011;194498.859375;1787030851011;162309.15625
1787030851021;194498.859375;1787030851021;162309.15625
1787030851031;194843.140625;1787030851031;162424.09375
1787030851041;194843.140625;1787030851041;162424.09375
1787030851051;194766.515625;1787030851051;162398.171875
1787030851061;194766.515625;1787030851061;162398.171875
1787030851071;194766.515625;1787030851071;162398.171875
1787030851081;194766.515625;1787030851081;162398.171875
1787030851091;194766.515625;1787030851091;162398.171875
1787030851101;194766.515625;1787030851101;162398.171875
1787030851111;193760.734375;1787030851111;162027.03125
1787030851121;193760.734375;1787030851121;162027.03125
1787030851131;193760.734375;1787030851131;162027.03125
1787030851141;193760.734375;1787030851141;162027.03125
1787030851151;193760.734375;1787030851151;162027.03125
1787030851161;193760.734375;1787030851161;162027.03125
1787030851171;193391.71875;1787030851171;161891.421875
1787030851181;193387.421875;1787030851181;161881.296875
1787030851191;193430.515625;1787030851191;161890.6875
1787030851201;193430.515625;1787030851201;161890.6875
1787030851211;193430.515625;1787030851211;161890.6875
1787030851221;193430.515625;1787030851221;161890.6875
1787030851231;193430.515625;1787030851231;161890.6875
1787030851241;193430.515625;1787030851241;161890.6875
1787030851251;193551.171875;1787030851251;161942.84375
1787030851261;193551.171875;1787030851261;161942.84375
1787030851271;193569.9375;1787030851271;161947.421875
1787030851281;193569.9375;1787030851281;161947.421875
1787030851291;193569.9375;1787030851291;161947.421875
1787030851301;193569.9375;1787030851301;161947.421875
1787030851311;193569.9375;1787030851311;161947.421875
1787030851321;193569.9375;1787030851321;161947.421875
1787030851331;193738.8125;1787030851331;161997.1875
1787030851341;193773.359375;1787030851341;162015.984375
1787030851351;193773.359375;1787030851351;162015.984375
1787030851361;193773.359375;1787030851361;162015.984375
1787030851371;193773.359375;1787030851371;162015.984375
1787030851381;193773.359375;1787030851381;162015.984375
1787030851391;193773.359375;1787030851391;162015.984375
1787030851401;193778.21875;1787030851401;162020.140625
1787030851411;193731.28125;1787030851411;161994.734375
1787030851421;193723.28125;1787030851421;161986.984375
1787030851431;193723.28125;1787030851431;161986.984375
1787030851441;193723.28125;1787030851441;161986.984375
1787030851451;193723.28125;1787030851451;161986.984375
1787030851461;193723.28125;1787030851461;161986.984375
1787030851471;193723.28125;1787030851471;161986.984375
1787030851481;193749.109375;1787030851481;161996.1875
1787030851491;193812.9375;1787030851491;162023.890625
1787030851501;193812.9375;1787030851501;162023.890625
1787030851511;193812.9375;1787030851511;162023.890625
1787030851521;193812.9375;1787030851521;162023.890625
1787030851531;193812.9375;1787030851531;162023.890625
1787030851541;193812.9375;1787030851541;162023.890625
1787030851551;193994.34375;1787030851551;162092.84375
1787030851561;194027.25;1787030851561;162103.84375
1787030851571;194061.53125;1787030851571;162114.390625
1787030851581;194061.53125;1787030851581;162114.390625
1787030851591;194061.53125;1787030851591;162114.390625
1787030851601;194061.53125;1787030851601;162114.390625
1787030851611;194061.53125;1787030851611;162114.390625
1787030851621;194061.53125;1787030851621;162114.390625
1787030851631;194251.34375;1787030851631;162172
1787030851641;194300.328125;1787030851641;162192.171875
1787030851651;194300.328125;1787030851651;162192.171875
1787030851661;194300.328125;1787030851661;162192.171875
1787030851671;194300.328125;1787030851671;162192.171875
1787030851681;194300.328125;1787030851681;162192.171875
1787030851691;194300.328125;1787030851691;162192.171875
1787030851701;194348.40625;1787030851701;162210.828125
1787030851711;194431.046875;1787030851711;162241.328125
1787030851721;194461.6875;1787030851721;162253.1875
1787030851731;194461.6875;1787030851731;162253.1875
1787030851741;194461.6875;1787030851741;162253.1875
1787030851751;194461.6875;1787030851751;162253.1875
1787030851761;194461.6875;1787030851761;162253.1875
1787030851771;194461.6875;1787030851771;162253.1875
1787030851781;194501.203125;1787030851781;162263.703125
1787030851791;194547.4375;1787030851791;162273.65625
1787030851801;194547.4375;1787030851801;162273.65625
1787030851811;194547.4375;1787030851811;162273.65625
1787030851821;194547.4375;1787030851821;162273.65625
1787030851831;194547.4375;1787030851831;162273.65625
1787030851841;194547.4375;1787030851841;162273.65625
1787030851851;194758.703125;1787030851851;162344.8125
1787030851861;194784.84375;1787030851861;162354.703125
1787030851871;194783.59375;1787030851871;162355.953125
1787030851881;194783.59375;1787030851881;162355.953125
1787030851891;194783.59375;1787030851891;162355.953125
1787030851901;194783.59375;1787030851901;162355.953125
1787030851911;194783.59375;1787030851911;162355.953125
1787030851921;194783.59375;1787030851921;162355.953125
1787030851931;193914.46875;1787030851931;162054.3125
1787030851941;193710.515625;1787030851941;161978.671875
1787030851951;193710.515625;1787030851951;161978.671875
1787030851961;193710.515625;1787030851961;161978.671875
1787030851971;193710.515625;1787030851971;161978.671875
1787030851981;193710.515625;1787030851981;161978.671875
1787030851991;193710.515625;1787030851991;161978.671875
1787030852001;193289.59375;1787030852001;161821.375
1787030852011;193174.453125;1787030852011;161774.859375
1787030852021;193191.90625;1787030852021;161772.328125
1787030852031;193191.90625;1787030852031;161772.328125
1787030852041;193191.90625;1787030852041;161772.328125
1787030852051;193191.90625;1787030852051;161772.328125
1787030852061;193191.90625;1787030852061;161772.328125
1787030852071;193191.90625;1787030852071;161772.328125
1787030852081;193295.5625;1787030852081;161789.734375
1787030852091;193309.921875;1787030852091;161793.671875
1787030852101;193334.609375;1787030852101;161802.84375
1787030852111;193334.609375;1787030852111;161802.84375
1787030852121;193334.609375;1787030852121;161802.84375
1787030852131;193334.609375;1787030852131;161802.84375
1787030852141;193334.609375;1787030852141;161802.84375
1787030852151;193334.609375;1787030852151;161802.84375
1787030852161;193459.890625;1787030852161;161856.3125
1787030852171;193459.890625;1787030852171;161856.3125
1787030852181;193459.890625;1787030852181;161856.3125
1787030852191;193459.890625;1787030852191;161856.3125
1787030852201;193459.890625;1787030852201;161856.3125
1787030852211;193459.890625;1787030852211;161856.3125
1787030852221;193491.453125;1787030852221;161867.4375
1787030852231;193443.59375;1787030852231;161843.921875
1787030852241;193396.21875;1787030852241;161820.09375
1787030852251;193396.21875;1787030852251;161820.09375
1787030852261;193396.21875;1787030852261;161820.09375
1787030852271;193396.21875;1787030852271;161820.09375
1787030852281;193396.21875;1787030852281;161820.09375
1787030852291;193396.21875;1787030852291;161820.09375
1787030852301;193377.96875;1787030852301;161806.375
1787030852311;193415.53125;1787030852311;161817.078125
1787030852321;193473.484375;1787030852321;161834.734375
1787030852331;193473.484375;1787030852331;161834.734375
1787030852341;193473.484375;1787030852341;161834.734375
1787030852351;193473.484375;1787030852351;161834.734375
1787030852361;193473.484375;1787030852361;161834.734375
1787030852371;193473.484375;1787030852371;161834.734375
1787030852381;193655.34375;1787030852381;161903.84375
1787030852391;193655.34375;1787030852391;161903.84375
1787030852401;193685.46875;1787030852401;161912.5
1787030852411;193685.46875;1787030852411;161912.5
1787030852421;193685.46875;1787030852421;161912.5
1787030852431;193685.46875;1787030852431;161912.5
1787030852441;193685.46875;1787030852441;161912.5
1787030852451;193685.46875;1787030852451;161912.5
1787030852461;193886.28125;1787030852461;161977.59375
1787030852471;193886.28125;1787030852471;161977.59375
1787030852481;193886.28125;1787030852481;161977.59375
1787030852491;193886.28125;1787030852491;161977.59375
1787030852501;193886.28125;1787030852501;161977.59375
1787030852511;193886.28125;1787030852511;161977.59375
1787030852521;193994.921875;1787030852521;162017.734375
1787030852531;194054.703125;1787030852531;162036.484375
1787030852541;194091.59375;1787030852541;162050.546875
1787030852551;194091.59375;1787030852551;162050.546875
1787030852561;194091.59375;1787030852561;162050.546875
1787030852571;194091.59375;1787030852571;162050.546875
1787030852581;194091.59375;1787030852581;162050.546875
1787030852591;194091.59375;1787030852591;162050.546875
1787030852601;194233.5;1787030852601;162100.578125
1787030852611;194233.5;1787030852611;162100.578125
1787030852621;194257.84375;1787030852621;162108.859375
1787030852631;194257.84375;1787030852631;162108.859375
1787030852641;194257.84375;1787030852641;162108.859375
1787030852651;194257.84375;1787030852651;162108.859375
1787030852661;194257.84375;1787030852661;162108.859375
1787030852671;194257.84375;1787030852671;162108.859375
1787030852681;194466.609375;1787030852681;162181.265625
1787030852691;194530.421875;1787030852691;162200.6875
1787030852701;194530.421875;1787030852701;162200.6875
1787030852711;194530.421875;1787030852711;162200.6875
1787030852721;194530.421875;1787030852721;162200.6875
1787030852731;194530.421875;1787030852731;162200.6875
1787030852741;194530.421875;1787030852741;162200.6875
1787030852751;194524.5;1787030852751;162196.84375
1787030852761;193852.125;1787030852761;161955.734375
1787030852771;193453.453125;1787030852771;161818.15625
1787030852781;193453.453125;1787030852781;161818.15625
1787030852791;193453.453125;1787030852791;161818.15625
1787030852801;193453.453125;1787030852801;161818.15625
1787030852811;193453.453125;1787030852811;161818.15625
1787030852821;193453.453125;1787030852821;161818.15625
1787030852831;193086.953125;1787030852831;161694.34375
1787030852841;192992.796875;1787030852841;161659.703125
1787030852851;192992.796875;1787030852851;161659.703125
1787030852861;192992.796875;1787030852861;161659.703125
1787030852871;192992.796875;1787030852871;161659.703125
1787030852881;192992.796875;1787030852881;161659.703125
1787030852891;192992.796875;1787030852891;161659.703125
1787030852901;193284.265625;1787030852901;161750.734375
1787030852911;193342.421875;1787030852911;161770.625
1787030852921;193373.4375;1787030852921;161780.921875
1787030852931;193373.4375;1787030852931;161780.921875
1787030852941;193373.4375;1787030852941;161780.921875
1787030852951;193373.4375;1787030852951;161780.921875
1787030852961;193373.4375;1787030852961;161780.921875
1787030852971;193373.4375;1787030852971;161780.921875
1787030852981;193258.796875;1787030852981;161733.734375
1787030852991;193319.546875;1787030852991;161754.75
1787030853001;193319.546875;1787030853001;161754.75
1787030853011;193319.546875;1787030853011;161754.75
1787030853021;193319.546875;1787030853021;161754.75
1787030853031;193319.546875;1787030853031;161754.75
1787030853041;193319.546875;1787030853041;161754.75
1787030853051;193429.421875;1787030853051;161791.40625
1787030853061;193550.03125;1787030853061;161829.109375
1787030853071;193521.546875;1787030853071;161819.140625
1787030853081;193521.546875;1787030853081;161819.140625
1787030853091;193521.546875;1787030853091;161819.140625
1787030853101;193521.546875;1787030853101;161819.140625
1787030853111;193521.546875;1787030853111;161819.140625
1787030853121;193521.546875;1787030853121;161819.140625
1787030853131;193327.09375;1787030853131;161744.203125
1787030853141;193339.03125;1787030853141;161746.015625
1787030853151;193402.96875;1787030853151;161766.640625
1787030853161;193402.96875;1787030853161;161766.640625
1787030853171;193402.96875;1787030853171;161766.640625
1787030853181;193402.96875;1787030853181;161766.640625
1787030853191;193402.96875;1787030853191;161766.640625
1787030853201;193402.96875;1787030853201;161766.640625
1787030853211;193615.953125;1787030853211;161855.453125
1787030853221;193615.953125;1787030853221;161855.453125
1787030853231;193615.953125;1787030853231;161855.453125
1787030853241;193615.953125;1787030853241;161855.453125
1787030853251;193615.953125;1787030853251;161855.453125
1787030853261;193615.953125;1787030853261;161855.453125
1787030853271;193678.078125;1787030853271;161879.984375
1787030853281;193721.59375;1787030853281;161901.140625
1787030853291;193767.140625;1787030853291;161915.890625
1787030853301;193767.140625;1787030853301;161915.890625
1787030853311;193767.140625;1787030853311;161915.890625
1787030853321;193767.140625;1787030853321;161915.890625
1787030853331;193767.140625;1787030853331;161915.890625
1787030853341;193767.140625;1787030853341;161915.890625
1787030853351;193988.15625;1787030853351;161980.375
1787030853361;194066.671875;1787030853361;162006.15625
1787030853371;194102.09375;1787030853371;162021.609375
1787030853381;194102.09375;1787030853381;162021.609375
1787030853391;194102.09375;1787030853391;162021.609375
1787030853401;194102.09375;1787030853401;162021.609375
1787030853411;194102.09375;1787030853411;162021.609375
1787030853421;194102.09375;1787030853421;162021.609375
1787030853431;194202.484375;1787030853431;162057.609375
1787030853441;194202.484375;1787030853441;162057.609375
1787030853451;194247.953125;1787030853451;162067.046875
1787030853461;194247.953125;1787030853461;162067.046875
1787030853471;194247.953125;1787030853471;162067.046875
1787030853481;194247.953125;1787030853481;162067.046875
1787030853491;194247.953125;1787030853491;162067.046875
1787030853501;194247.953125;1787030853501;162067.046875
1787030853511;194472.34375;1787030853511;162137.15625
1787030853521;194472.34375;1787030853521;162137.15625
1787030853531;194472.34375;1787030853531;162137.15625
1787030853541;194472.34375;1787030853541;162137.15625
1787030853551;194472.34375;1787030853551;162137.15625
1787030853561;194472.34375;1787030853561;162137.15625
1787030853571;194560.625;1787030853571;162170.875
1787030853581;194319.3125;1787030853581;162088.265625
1787030853591;193926.171875;1787030853591;161946.734375
1787030853601;193926.171875;1787030853601;161946.734375
1787030853611;193926.171875;1787030853611;161946.734375
1787030853621;193926.171875;1787030853621;161946.734375
1787030853631;193926.171875;1787030853631;161946.734375
1787030853641;193926.171875;1787030853641;161946.734375
1787030853651;192918.765625;1787030853651;161573.15625
1787030853661;192918.765625;1787030853661;161573.15625
1787030853671;192877.546875;1787030853671;161554.78125
1787030853681;192877.546875;1787030853681;161554.78125
1787030853691;192877.546875;1787030853691;161554.78125
1787030853701;192877.546875;1787030853701;161554.78125
1787030853711;192877.546875;1787030853711;161554.78125
1787030853721;192877.546875;1787030853721;161554.78125
1787030853731;192949.46875;1787030853731;161577.125
1787030853741;192949.46875;1787030853741;161577.125
1787030853751;192992.84375;1787030853751;161591.34375
1787030853761;192992.84375;1787030853761;161591.34375
1787030853771;192992.84375;1787030853771;161591.34375
1787030853781;192992.84375;1787030853781;161591.34375
1787030853791;192992.84375;1787030853791;161591.34375
1787030853801;192992.84375;1787030853801;161591.34375
1787030853811;193150.0625;1787030853811;161644.03125
1787030853821;193150.0625;1787030853821;161644.03125
1787030853831;193150.0625;1787030853831;161644.03125
1787030853841;193150.0625;1787030853841;161644.03125
1787030853851;193150.0625;1787030853851;161644.03125
1787030853861;193150.0625;1787030853861;161644.03125
1787030853871;193241.28125;1787030853871;161683.453125
1787030853881;193260.59375;1787030853881;161694.625
1787030853891;193247.828125;1787030853891;161688.625
1787030853901;193247.828125;1787030853901;161688.625
1787030853911;193247.828125;1787030853911;161688.625
1787030853921;193247.828125;1787030853921;161688.625
1787030853931;193247.828125;1787030853931;161688.625
1787030853941;193247.828125;1787030853941;161688.625
1787030853951;193187.875;1787030853951;161657.125
1787030853961;193187.875;1787030853961;161657.125
1787030853971;193204.9375;1787030853971;161672.09375
1787030853981;193204.9375;1787030853981;161672.09375
1787030853991;193204.9375;1787030853991;161672.09375
1787030854001;193204.9375;1787030854001;161672.09375
1787030854011;193204.9375;1787030854011;161672.09375
1787030854021;193204.9375;1787030854021;161672.09375
1787030854031;193376.34375;1787030854031;161723.484375
1787030854041;193413.328125;1787030854041;161734.484375
1787030854051;193450.125;1787030854051;161747.65625
1787030854061;193450.125;1787030854061;161747.65625
1787030854071;193450.125;1787030854071;161747.65625
1787030854081;193450.125;1787030854081;161747.65625
1787030854091;193450.125;1787030854091;161747.65625
1787030854101;193450.125;1787030854101;161747.65625
1787030854111;193647.796875;1787030854111;161816.53125
1787030854121;193672.578125;1787030854121;161822.84375
1787030854131;193672.578125;1787030854131;161822.84375
1787030854141;193672.578125;1787030854141;161822.84375
1787030854151;193672.578125;1787030854151;161822.84375
1787030854161;193672.578125;1787030854161;161822.84375
1787030854171;193672.578125;1787030854171;161822.84375
1787030854181;193726.421875;1787030854181;161843.5625
1787030854191;193761.578125;1787030854191;161862.734375
1787030854201;193761.578125;1787030854201;161862.734375
1787030854211;193761.578125;1787030854211;161862.734375
1787030854221;193761.578125;1787030854221;161862.734375
1787030854231;193761.578125;1787030854231;161862.734375
1787030854241;193761.578125;1787030854241;161862.734375
1787030854251;193855.78125;1787030854251;161878.859375
1787030854261;193877.171875;1787030854261;161887.828125
1787030854271;193904.234375;1787030854271;161900.734375
1787030854281;193904.234375;1787030854281;161900.734375
1787030854291;193904.234375;1787030854291;161900.734375
1787030854301;193904.234375;1787030854301;161900.734375
1787030854311;193904.234375;1787030854311;161900.734375
1787030854321;193904.234375;1787030854321;161900.734375
1787030854331;194047.234375;1787030854331;161959.515625
1787030854341;193990.6875;1787030854341;161936.484375
1787030854351;193990.6875;1787030854351;161936.484375
1787030854361;193990.6875;1787030854361;161936.484375
1787030854371;193990.6875;1787030854371;161936.484375
1787030854381;193990.6875;1787030854381;161936.484375
1787030854391;193990.6875;1787030854391;161936.484375
1787030854401;193744.34375;1787030854401;161845.390625
1787030854411;193000.296875;1787030854411;161577.609375
1787030854421;192739.78125;1787030854421;161478.203125
1787030854431;192739.78125;1787030854431;161478.203125
1787030854441;192739.78125;1787030854441;161478.203125
1787030854451;192739.78125;1787030854451;161478.203125
1787030854461;192739.78125;1787030854461;161478.203125
1787030854471;192739.78125;1787030854471;161478.203125
1787030854481;192590.5625;1787030854481;161421.921875
1787030854491;192614.390625;1787030854491;161436.359375
1787030854501;192614.390625;1787030854501;161436.359375
1787030854511;192614.390625;1787030854511;161436.359375
1787030854521;192614.390625;1787030854521;161436.359375
1787030854531;192614.390625;1787030854531;161436.359375
1787030854541;192614.390625;1787030854541;161436.359375
1787030854551;192736.28125;1787030854551;161455.984375
1787030854561;192751.359375;1787030854561;161461.203125
1787030854571;192751.359375;1787030854571;161461.203125
1787030854581;192751.359375;1787030854581;161461.203125
1787030854591;192751.359375;1787030854591;161461.203125
1787030854601;192751.359375;1787030854601;161461.203125
1787030854611;192751.359375;1787030854611;161461.203125
1787030854621;192795.109375;1787030854621;161483.171875
1787030854631;192910.078125;1787030854631;161522.359375
1787030854641;192939.1875;1787030854641;161523.203125
1787030854651;192939.1875;1787030854651;161523.203125
1787030854661;192939.1875;1787030854661;161523.203125
1787030854671;192939.1875;1787030854671;161523.203125
1787030854681;192939.1875;1787030854681;161523.203125
1787030854691;192939.1875;1787030854691;161523.203125
1787030854701;192920.6875;1787030854701;161514.78125
1787030854711;192901.828125;1787030854711;161510.296875
1787030854721;192896.59375;1787030854721;161509.296875
1787030854731;192896.59375;1787030854731;161509.296875
1787030854741;192896.59375;1787030854741;161509.296875
1787030854751;192896.59375;1787030854751;161509.296875
1787030854761;192896.59375;1787030854761;161509.296875
1787030854771;192896.59375;1787030854771;161509.296875
1787030854781;193015.140625;1787030854781;161547.96875
1787030854791;193015.140625;1787030854791;161547.96875
1787030854801;193048.671875;1787030854801;161558.9375
1787030854811;193048.671875;1787030854811;161558.9375
1787030854821;193048.671875;1787030854821;161558.9375
1787030854831;193048.671875;1787030854831;161558.9375
1787030854841;193048.671875;1787030854841;161558.9375
1787030854851;193048.671875;1787030854851;161558.9375
1787030854861;193254.359375;1787030854861;161638.53125
1787030854871;193254.359375;1787030854871;161638.53125
1787030854881;193254.359375;1787030854881;161638.53125
1787030854891;193254.359375;1787030854891;161638.53125
1787030854901;193254.359375;1787030854901;161638.53125
1787030854911;193254.359375;1787030854911;161638.53125
1787030854921;193403.453125;1787030854921;161677.46875
1787030854931;193448.84375;1787030854931;161692.390625
1787030854941;193469.5625;1787030854941;161700.734375
1787030854951;193469.5625;1787030854951;161700.734375
1787030854961;193469.5625;1787030854961;161700.734375
1787030854971;193469.5625;1787030854971;161700.734375
1787030854981;193469.5625;1787030854981;161700.734375
1787030854991;193469.5625;1787030854991;161700.734375
1787030855001;193597.390625;1787030855001;161741.96875
1787030855011;193597.390625;1787030855011;161741.96875
1787030855021;193634.03125;1787030855021;161751.59375
1787030855031;193634.03125;1787030855031;161751.59375
1787030855041;193634.03125;1787030855041;161751.59375
1787030855051;193634.03125;1787030855051;161751.59375
1787030855061;193634.03125;1787030855061;161751.59375
1787030855071;193634.03125;1787030855071;161751.59375
1787030855081;193753.109375;1787030855081;161813.203125
1787030855091;193811.734375;1787030855091;161834.546875
1787030855101;193811.734375;1787030855101;161834.546875
1787030855111;193811.734375;1787030855111;161834.546875
1787030855121;193811.734375;1787030855121;161834.546875
1787030855131;193811.734375;1787030855131;161834.546875
1787030855141;193811.734375;1787030855141;161834.546875
1787030855151;193830.578125;1787030855151;161838.953125
1787030855161;193843.90625;1787030855161;161820.859375
1787030855171;193835.34375;1787030855171;161814.546875
1787030855181;193835.34375;1787030855181;161814.546875
1787030855191;193835.34375;1787030855191;161814.546875
1787030855201;193835.34375;1787030855201;161814.546875
1787030855211;193835.34375;1787030855211;161814.546875
1787030855221;193835.34375;1787030855221;161814.546875
1787030855231;193240.234375;1787030855231;161606.046875
1787030855241;193020.828125;1787030855241;161529.375
1787030855251;193020.828125;1787030855251;161529.375
1787030855261;193020.828125;1787030855261;161529.375
1787030855271;193020.828125;1787030855271;161529.375
1787030855281;193020.828125;1787030855281;161529.375
1787030855291;193020.828125;1787030855291;161529.375
1787030855301;192319.15625;1787030855301;161266.796875
1787030855311;192319.90625;1787030855311;161264.796875
1787030855321;192319.90625;1787030855321;161264.796875
1787030855331;192319.90625;1787030855331;161264.796875
1787030855341;192319.90625;1787030855341;161264.796875
1787030855351;192319.90625;1787030855351;161264.796875
1787030855361;192319.90625;1787030855361;161264.796875
1787030855371;192357.921875;1787030855371;161276.375
1787030855381;192627.640625;1787030855381;161378.265625
